序号,签单年份,项目规模,金额W,实际毛利率,预计毛利率,实际-预计,签约方式,区域,Unnamed: 9,Unnamed: 10,Unnamed: 11,Unnamed: 12,Unnamed: 13,Unnamed: 14,Unnamed: 15,Unnamed: 16
1,2021,微型项目,4.0,0.97,0.945,0.025000000000000022,代理商,华南,,,,,,,,
2,2021,微型项目,2.19,0.97,0.8995,0.07050000000000001,直签,华南,,,,,,,,
3,2021,微型项目,4.75,0.97,0.9832,-0.01319999999999999,代理商,华北,,,,,,,,
4,2021,中型项目,49.0,0.89,0.9633,-0.07330000000000003,代理商,华东,,,,,,,,
5,2021,中型项目,48.0,0.85,0.9249,-0.07490000000000008,直签,华北,,,,微型项目,小型项目,中型项目,大型项目,超大型项目
6,2021,微型项目,7.0,0.96,0.8545,0.10549999999999993,代理商,华东,,,实际>预计,73,27,29,9,1
7,2021,小型项目,12.28,0.8,0.7948,0.0052000000000000934,直签,华南,,,实际=预计,283,159,135,39,6
8,2021,微型项目,6.8,0.88,0.8382,0.04180000000000006,代理商,华东,,,实际<预计,67,36,30,13,1
9,2021,大型项目,114.8,0.96,0.636,0.32399999999999995,代理商,华南,,,,,,,,
10,2021,中型项目,61.0,0.63,0.7148,-0.08479999999999999,代理商,西南,,,,,,,,
11,2021,微型项目,8.6,0.76,0.8047,-0.04469999999999996,代理商,华北,,,各规模70%上下占比和趋势,,,,,
12,2021,微型项目,1.6,0.97,0.8625,0.10749999999999993,代理商,华东,,,,微型项目,小型项目,中型项目,大型项目,超大型项目
13,2021,微型项目,5.0,0.92,0.96,-0.039999999999999925,代理商,华东,,,>=70%,0,,,,
14,2021,小型项目,15.0,0.97,1.0,-0.030000000000000027,直签,华南,,,<70%,,,,,
15,2021,微型项目,1.02,0.97,1.0,-0.030000000000000027,代理商,华北,,,,,,,,
16,2021,微型项目,5.0,0.97,0.968,0.0020000000000000018,代理商,华北,,,,,,,,
17,2021,微型项目,2.0,0.97,1.0,-0.030000000000000027,代理商,华北,,,,,,,,
18,2021,大型项目,142.0,0.72,0.4183,0.30169999999999997,直签,华北,,,,,,,,
19,2021,大型项目,151.37,0.29,0.8007,-0.5106999999999999,直签,华东,,,,,,,,
20,2021,微型项目,9.18,0.89,0.8083,0.0817,代理商,华北,,,,,,,,
21,2021,小型项目,25.0,0.66,0.804,-0.14400000000000002,代理商,华东,,,,,,,,
22,2021,微型项目,9.0,0.97,0.9733,-0.0033000000000000806,代理商,华东,,,,,,,,
23,2021,微型项目,5.0,0.86,0.956,-0.09599999999999997,代理商,华南,,,,,,,,
24,2021,微型项目,6.0,0.56,0.725,-0.16499999999999992,直签,华北,,,,,,,,
25,2021,小型项目,16.5,0.96,0.9407,0.019299999999999984,直签,华北,,,,,,,,
26,2021,微型项目,5.0,0.97,0.968,0.0020000000000000018,代理商,华北,,,,,,,,
27,2021,微型项目,5.5,0.7,0.7818,-0.0818000000000001,代理商,华北,,,,,,,,
28,2021,小型项目,17.4,0.95,1.0,-0.050000000000000044,直签,华北,,,,,,,,
29,2021,小型项目,30.0,0.96,0.9714,-0.011400000000000077,代理商,西北,,,,,,,,
30,2021,小型项目,23.0,0.95,1.0,-0.050000000000000044,代理商,华南,,,,,,,,
31,2021,中型项目,49.0,0.86,0.8744,-0.014399999999999968,直签,华北,,,,,,,,
32,2021,微型项目,0.6,0.97,1.0,-0.030000000000000027,代理商,华东,,,,,,,,
33,2021,大型项目,105.82,0.54,0.6541,-0.11409999999999998,代理商,华中,,,,,,,,
34,2021,微型项目,1.9,0.97,1.0,-0.030000000000000027,直签,华北,,,,,,,,
35,2021,微型项目,4.0,0.97,1.0,-0.030000000000000027,直签,华北,,,,,,,,
36,2021,微型项目,8.0,0.97,0.9313,0.03869999999999996,代理商,华南,,,,,,,,
37,2021,小型项目,16.0,0.67,0.8969,-0.2269,代理商,华东,,,,,,,,
38,2021,微型项目,2.0,0.97,0.72,0.25,代理商,华东,,,,,,,,
39,2021,中型项目,40.0,0.75,0.7905,-0.04049999999999998,代理商,华南,,,,,,,,
40,2021,微型项目,8.0,0.96,0.97,-0.010000000000000009,代理商,华东,,,,,,,,
41,2021,微型项目,1.5,0.97,1.0,-0.030000000000000027,直签,西南,,,,,,,,
42,2021,微型项目,2.0,0.97,1.0,-0.030000000000000027,代理商,华东,,,,,,,,
43,2021,小型项目,11.0,0.96,1.0,-0.040000000000000036,直签,西南,,,,,,,,
44,2021,小型项目,16.0,0.14,0.8364,-0.6964,直签,西南,,,,,,,,
45,2021,小型项目,20.52,0.57,0.366,0.20399999999999996,直签,华东,,,,,,,,
46,2021,小型项目,13.0,0.96,1.0,-0.040000000000000036,直签,华北,,,,,,,,
47,2021,中型项目,59.0,0.55,0.8615,-0.3115,直签,西南,,,,,,,,
48,2021,微型项目,8.0,0.95,1.0,-0.050000000000000044,代理商,华南,,,,,,,,
49,2021,微型项目,6.0,0.97,0.9083,0.06169999999999998,代理商,华北,,,,,,,,
50,2021,微型项目,8.0,0.88,0.9,-0.020000000000000018,代理商,华东,,,,,,,,
51,2021,中型项目,35.58,0.97,1.0,-0.030000000000000027,直签,华南,,,,,,,,
52,2021,微型项目,6.0,0.97,0.96,0.010000000000000009,直签,华北,,,,,,,,
53,2021,中型项目,40.0,0.85,0.9077,-0.057699999999999974,代理商,华东,,,,,,,,
54,2021,微型项目,2.75,-0.89,1.0,-1.8900000000000001,直签,华南,,,,,,,,
55,2021,微型项目,0.78,0.97,1.0,-0.030000000000000027,直签,华北,,,,,,,,
56,2021,微型项目,7.2,0.97,1.0,-0.030000000000000027,直签,华东,,,,,,,,
57,2021,小型项目,12.0,0.82,0.85,-0.030000000000000027,代理商,华北,,,,,,,,
58,2021,中型项目,31.0,0.36,0.4963,-0.13630000000000003,代理商,华东,,,,,,,,
59,2021,微型项目,2.4,0.84,0.725,0.11499999999999999,代理商,华北,,,,,,,,
60,2021,微型项目,7.0,0.97,1.0,-0.030000000000000027,代理商,华南,,,,,,,,
61,2021,小型项目,14.0,0.75,0.82,-0.06999999999999995,直签,华北,,,,,,,,
62,2021,微型项目,2.0,0.63,0.72,-0.08999999999999997,代理商,华北,,,,,,,,
63,2021,大型项目,127.28,0.96,1.0,-0.040000000000000036,直签,华南,,,,,,,,
64,2021,微型项目,10.0,0.42,0.694,-0.27399999999999997,代理商,华东,,,,,,,,
65,2021,小型项目,15.0,0.81,0.7733,0.036700000000000066,代理商,华东,,,,,,,,
66,2021,中型项目,46.5,0.72,0.9449,-0.2249,直签,华东,,,,,,,,
67,2021,中型项目,37.1,-1.01,0.8248,-1.8348,直签,华南,,,,,,,,
68,2021,小型项目,21.5,0.96,0.9246,0.03539999999999999,直签,华北,,,,,,,,
69,2021,中型项目,48.42,0.91,0.8861,0.023900000000000032,代理商,华南,,,,,,,,
70,2021,微型项目,0.88,0.97,0.6818,0.2882,代理商,华南,,,,,,,,
71,2021,小型项目,20.0,0.93,1.0,-0.06999999999999995,直签,华北,,,,,,,,
72,2021,中型项目,37.6,0.68,0.2777,0.40230000000000005,代理商,华北,,,,,,,,
73,2021,微型项目,3.0,0.97,0.9467,0.023299999999999987,代理商,华北,,,,,,,,
74,2021,中型项目,45.0,0.97,0.96,0.010000000000000009,代理商,华南,,,,,,,,
75,2021,中型项目,50.0,0.75,0.617,0.133,代理商,华南,,,,,,,,
76,2021,小型项目,18.0,0.95,0.9389,0.011099999999999999,直签,华北,,,,,,,,
77,2021,微型项目,2.0,0.97,1.0,-0.030000000000000027,代理商,华北,,,,,,,,
78,2021,小型项目,16.4,0.85,0.2317,0.6183,代理商,华北,,,,,,,,
79,2021,微型项目,8.0,0.73,0.95,-0.21999999999999997,代理商,华北,,,,,,,,
80,2021,微型项目,6.0,0.97,1.0,-0.030000000000000027,代理商,华东,,,,,,,,
81,2021,中型项目,80.55,0.92,0.9329,-0.012899999999999912,代理商,华北,,,,,,,,
82,2021,微型项目,10.0,0.82,0.82,0.0,代理商,华北,,,,,,,,
83,2021,中型项目,85.0,0.88,0.9175,-0.03749999999999998,直签,华北,,,,,,,,
84,2021,中型项目,42.0,0.94,0.9571,-0.017100000000000004,代理商,华北,,,,,,,,
85,2021,中型项目,65.0,0.94,0.8367,0.10329999999999995,代理商,华北,,,,,,,,
86,2021,大型项目,240.0,0.44,0.8227,-0.3827,直签,华北,,,,,,,,
87,2021,中型项目,90.0,0.96,0.9722,-0.012199999999999989,代理商,华北,,,,,,,,
88,2021,微型项目,8.0,0.84,1.0,-0.16000000000000003,代理商,华南,,,,,,,,
89,2021,微型项目,6.04,0.97,0.7268,0.24319999999999997,直签,西南,,,,,,,,
90,2021,微型项目,5.0,0.91,0.89,0.020000000000000018,代理商,华南,,,,,,,,
91,2021,微型项目,10.0,0.79,1.0,-0.20999999999999996,代理商,华北,,,,,,,,
92,2021,小型项目,11.0,0.7,0.8455,-0.14550000000000007,代理商,西北,,,,,,,,
93,2021,小型项目,15.0,0.78,0.8571,-0.07709999999999995,代理商,华北,,,,,,,,
94,2021,微型项目,6.83,0.97,0.8243,0.14569999999999994,直签,华东,,,,,,,,
95,2021,小型项目,27.28,0.91,0.931,-0.02100000000000002,直签,华南,,,,,,,,
96,2021,中型项目,78.7,0.37,0.8105,-0.4405,直签,华南,,,,,,,,
97,2021,中型项目,66.0,0.96,0.9774,-0.017400000000000082,直签,华北,,,,,,,,
98,2021,中型项目,42.0,0.9,0.835,0.06500000000000006,代理商,华北,,,,,,,,
99,2021,中型项目,40.0,0.97,1.0,-0.030000000000000027,代理商,华东,,,,,,,,
100,2021,小型项目,11.14,0.96,1.0,-0.040000000000000036,直签,西南,,,,,,,,
101,2021,小型项目,12.8,0.89,0.8906,-0.0005999999999999339,代理商,华东,,,,,,,,
102,2021,小型项目,12.0,0.72,0.9083,-0.18830000000000002,代理商,华南,,,,,,,,
103,2021,中型项目,33.0,0.87,0.822,0.04800000000000004,代理商,华南,,,,,,,,
104,2021,中型项目,36.0,0.95,0.9,0.04999999999999993,代理商,华东,,,,,,,,
105,2021,小型项目,20.0,0.81,0.8941,-0.08409999999999995,代理商,华北,,,,,,,,
106,2021,中型项目,31.05,0.54,0.7424,-0.2023999999999999,代理商,华东,,,,,,,,
107,2021,微型项目,2.36,0.97,1.0,-0.030000000000000027,直签,华南,,,,,,,,
108,2021,小型项目,17.0,0.75,0.8941,-0.1441,代理商,华南,,,,,,,,
109,2021,小型项目,12.5,0.78,1.0,-0.21999999999999997,代理商,华北,,,,,,,,
110,2021,微型项目,10.0,0.97,1.0,-0.030000000000000027,代理商,华东,,,,,,,,
111,2021,小型项目,30.0,0.92,0.915,0.0050000000000000044,代理商,华北,,,,,,,,
112,2021,微型项目,1.2,0.97,1.0,-0.030000000000000027,代理商,华东,,,,,,,,
113,2021,中型项目,98.0,-0.04,0.7273,-0.7673,直签,华东,,,,,,,,
114,2021,微型项目,0.5,0.97,1.0,-0.030000000000000027,代理商,华东,,,,,,,,
115,2021,小型项目,15.0,0.93,0.92,0.010000000000000009,直签,华北,,,,,,,,
116,2021,微型项目,3.98,0.42,0.4497,-0.029700000000000004,直签,华南,,,,,,,,
117,2021,微型项目,7.02,0.91,0.7607,0.1493,直签,华南,,,,,,,,
118,2021,微型项目,2.98,0.97,0.6477,0.3222999999999999,直签,华南,,,,,,,,
119,2021,小型项目,21.0,0.9,0.9143,-0.01429999999999998,代理商,华南,,,,,,,,
120,2021,微型项目,6.0,0.88,0.9,-0.020000000000000018,代理商,华北,,,,,,,,
121,2021,大型项目,105.0,0.27,0.847,-0.577,代理商,华东,,,,,,,,
122,2021,微型项目,4.5,0.7,0.7333,-0.033299999999999996,直签,华北,,,,,,,,
123,2021,微型项目,6.0,0.97,0.91,0.05999999999999994,代理商,华东,,,,,,,,
124,2021,中型项目,31.0,0.67,0.74,-0.06999999999999995,直签,西北,,,,,,,,
125,2021,微型项目,9.0,0.9,0.9733,-0.07330000000000003,代理商,华北,,,,,,,,
126,2021,小型项目,14.8,0.94,0.7938,0.1462,直签,西南,,,,,,,,
127,2021,中型项目,34.6,0.53,0.8714,-0.3413999999999999,直签,西南,,,,,,,,
128,2021,中型项目,40.0,0.9,0.875,0.025000000000000022,代理商,华北,,,,,,,,
129,2021,微型项目,8.0,0.95,0.96,-0.010000000000000009,代理商,华北,,,,,,,,
130,2021,微型项目,2.0,0.97,1.0,-0.030000000000000027,直签,华北,,,,,,,,
131,2021,微型项目,4.5,0.76,1.0,-0.24,代理商,华南,,,,,,,,
132,2021,中型项目,60.0,0.75,0.9265,-0.1765,代理商,华北,,,,,,,,
133,2021,微型项目,6.0,0.97,0.9633,0.006699999999999928,代理商,华北,,,,,,,,
134,2021,微型项目,7.0,0.97,0.9214,0.04859999999999998,代理商,华南,,,,,,,,
135,2021,微型项目,1.56,0.97,1.0,-0.030000000000000027,代理商,华北,,,,,,,,
136,2021,中型项目,38.0,0.93,0.95,-0.019999999999999907,直签,华北,,,,,,,,
137,2021,小型项目,20.0,0.68,0.7,-0.019999999999999907,代理商,华南,,,,,,,,
138,2021,微型项目,3.36,0.97,1.0,-0.030000000000000027,直签,华北,,,,,,,,
139,2021,小型项目,20.0,0.96,0.8765,0.08350000000000002,代理商,华北,,,,,,,,
140,2021,微型项目,10.0,0.78,0.9313,-0.1513,代理商,西南,,,,,,,,
141,2021,中型项目,45.0,0.78,0.8667,-0.0867,代理商,华北,,,,,,,,
142,2021,小型项目,15.0,0.91,1.0,-0.08999999999999997,代理商,华南,,,,,,,,
143,2021,小型项目,16.5,0.88,0.8909,-0.01090000000000002,代理商,华南,,,,,,,,
144,2021,小型项目,29.5,0.95,0.9234,0.026599999999999957,直签,华北,,,,,,,,
145,2021,小型项目,13.5,0.97,0.9593,0.010699999999999932,代理商,华南,,,,,,,,
146,2021,小型项目,25.85,0.73,0.8603,-0.13029999999999997,直签,华南,,,,,,,,
147,2021,小型项目,17.0,0.96,0.8941,0.06589999999999996,代理商,华南,,,,,,,,
148,2021,微型项目,8.6,0.83,0.7907,0.0393,代理商,华东,,,,,,,,
149,2021,微型项目,7.2,0.68,0.8333,-0.1533,代理商,华东,,,,,,,,
150,2021,微型项目,5.47,0.86,0.8995,-0.03949999999999998,直签,华北,,,,,,,,
151,2021,微型项目,3.9,0.89,1.0,-0.10999999999999999,直签,华南,,,,,,,,
152,2021,小型项目,19.5,0.95,0.8615,0.08849999999999991,直签,华南,,,,,,,,
153,2021,中型项目,45.0,0.67,0.7368,-0.06679999999999997,直签,华东,,,,,,,,
154,2021,中型项目,35.8,0.66,0.4832,0.1768,代理商,华北,,,,,,,,
155,2021,大型项目,122.96,0.59,0.9464,-0.35640000000000005,直签,西南,,,,,,,,
156,2021,小型项目,27.0,0.96,1.0,-0.040000000000000036,直签,华南,,,,,,,,
157,2021,小型项目,29.8,0.95,0.9231,0.026899999999999924,直签,华东,,,,,,,,
158,2021,微型项目,1.2,0.97,1.0,-0.030000000000000027,代理商,华东,,,,,,,,
159,2021,微型项目,5.0,0.97,1.0,-0.030000000000000027,代理商,华东,,,,,,,,
160,2021,小型项目,15.0,0.83,0.8364,-0.006400000000000072,直签,华东,,,,,,,,
161,2021,小型项目,13.8,0.95,0.9304,0.01959999999999995,代理商,华北,,,,,,,,
162,2021,微型项目,5.65,0.97,0.9805,-0.010500000000000065,代理商,华南,,,,,,,,
163,2021,微型项目,5.23,0.97,0.847,0.123,代理商,华北,,,,,,,,
164,2021,微型项目,7.36,0.97,0.8505,0.11949999999999994,代理商,华南,,,,,,,,
165,2021,微型项目,1.2,0.97,0.7333,0.23670000000000002,代理商,华东,,,,,,,,
166,2021,微型项目,1.88,0.96,1.0,-0.040000000000000036,直签,华北,,,,,,,,
167,2021,小型项目,15.0,0.81,0.8625,-0.05249999999999999,代理商,西北,,,,,,,,
168,2021,中型项目,64.78,0.74,0.8105,-0.07050000000000001,代理商,华北,,,,,,,,
169,2021,大型项目,271.39,-0.03,-0.03,0.0,代理商,华东,,,,,,,,
170,2021,中型项目,38.08,0.87,0.4,0.47,直签,华东,,,,,,,,
171,2021,微型项目,7.0,0.97,1.0,-0.030000000000000027,代理商,华东,,,,,,,,
172,2021,微型项目,7.0,0.97,0.9529,0.017100000000000004,代理商,华南,,,,,,,,
173,2021,微型项目,8.0,0.97,0.96,0.010000000000000009,代理商,华北,,,,,,,,
174,2021,微型项目,6.0,0.93,0.8167,0.11330000000000007,代理商,华南,,,,,,,,
175,2021,微型项目,5.0,0.97,1.0,-0.030000000000000027,代理商,华东,,,,,,,,
176,2021,大型项目,115.0,0.38,0.725,-0.345,代理商,华东,,,,,,,,
177,2021,微型项目,1.02,0.97,0.2157,0.7543,代理商,华东,,,,,,,,
178,2021,微型项目,3.0,0.97,1.0,-0.030000000000000027,代理商,华北,,,,,,,,
179,2021,中型项目,56.7,0.16,0.5556,-0.39559999999999995,代理商,华北,,,,,,,,
180,2021,小型项目,19.0,0.86,0.9053,-0.04530000000000001,代理商,华北,,,,,,,,
181,2021,小型项目,30.0,0.83,0.9579,-0.1279,代理商,华南,,,,,,,,
182,2021,微型项目,7.0,0.97,0.9214,0.04859999999999998,代理商,华南,,,,,,,,
183,2021,微型项目,5.5,0.94,0.8,0.1399999999999999,代理商,华南,,,,,,,,
184,2021,小型项目,17.25,0.95,1.0,-0.050000000000000044,代理商,华南,,,,,,,,
185,2021,微型项目,7.74,0.95,0.8966,0.0534,直签,华北,,,,,,,,
186,2021,微型项目,7.8,0.46,0.8462,-0.38619999999999993,代理商,华东,,,,,,,,
187,2021,微型项目,0.99,0.97,1.0,-0.030000000000000027,代理商,华东,,,,,,,,
188,2021,小型项目,14.6,0.88,0.9452,-0.06520000000000004,代理商,华东,,,,,,,,
189,2021,小型项目,25.46,0.46,0.2596,0.20040000000000002,代理商,华北,,,,,,,,
190,2021,微型项目,2.1,0.97,0.5048,0.46519999999999995,直签,华东,,,,,,,,
191,2021,微型项目,2.7,0.97,0.8815,0.08850000000000002,代理商,华北,,,,,,,,
192,2021,微型项目,9.75,0.96,0.8968,0.06319999999999992,直签,华北,,,,,,,,
193,2021,小型项目,27.5,0.89,0.8571,0.03290000000000004,代理商,华北,,,,,,,,
194,2021,中型项目,70.0,0.8,0.9182,-0.11819999999999997,代理商,华北,,,,,,,,
195,2021,微型项目,5.0,0.97,1.0,-0.030000000000000027,代理商,华北,,,,,,,,
196,2021,微型项目,5.9,0.97,0.9322,0.037799999999999945,代理商,华北,,,,,,,,
197,2021,中型项目,64.6,0.89,0.8548,0.03520000000000001,直签,华北,,,,,,,,
198,2021,微型项目,10.0,0.82,0.88,-0.06000000000000005,代理商,华东,,,,,,,,
199,2021,中型项目,46.5,0.92,0.9032,0.016800000000000037,直签,华南,,,,,,,,
200,2021,微型项目,8.0,0.97,0.9588,0.011199999999999988,代理商,华东,,,,,,,,
201,2021,微型项目,4.0,0.95,0.92,0.029999999999999916,代理商,华东,,,,,,,,
202,2021,中型项目,74.3,0.55,0.4932,0.05680000000000002,直签,华东,,,,,,,,
203,2021,微型项目,5.7,0.96,0.9244,0.035599999999999965,直签,华南,,,,,,,,
204,2021,微型项目,4.0,0.78,0.4,0.38,直签,华东,,,,,,,,
205,2021,微型项目,1.48,0.97,1.0,-0.030000000000000027,直签,华北,,,,,,,,
206,2021,小型项目,19.64,0.89,0.9044,-0.014399999999999968,代理商,华北,,,,,,,,
207,2021,小型项目,26.5,0.86,0.9094,-0.0494,直签,华北,,,,,,,,
208,2021,大型项目,149.0,0.1,0.5834,-0.48340000000000005,直签,华东,,,,,,,,
209,2021,微型项目,2.0,0.97,0.8,0.16999999999999993,直签,华北,,,,,,,,
210,2021,微型项目,1.2,0.97,1.0,-0.030000000000000027,代理商,华北,,,,,,,,
211,2021,中型项目,44.0,0.66,0.8611,-0.20109999999999995,代理商,华东,,,,,,,,
212,2021,微型项目,3.9,0.97,0.7949,0.17509999999999992,直签,华北,,,,,,,,
213,2021,小型项目,24.0,0.97,0.925,0.04499999999999993,直签,华东,,,,,,,,
214,2021,小型项目,20.0,0.88,0.865,0.015000000000000013,直签,华东,,,,,,,,
215,2021,小型项目,11.98,0.94,0.4758,0.46419999999999995,直签,华东,,,,,,,,
216,2021,中型项目,36.61,0.87,1.0,-0.13,直签,华南,,,,,,,,
217,2021,小型项目,24.84,0.97,0.9336,0.03639999999999999,代理商,华南,,,,,,,,
218,2021,小型项目,24.0,0.54,0.7417,-0.2017,代理商,华南,,,,,,,,
219,2021,小型项目,17.84,0.9,0.9478,-0.047799999999999954,代理商,华北,,,,,,,,
220,2021,中型项目,100.0,0.94,0.9385,0.0014999999999999458,代理商,华南,,,,,,,,
221,2021,微型项目,0.5,0.97,1.0,-0.030000000000000027,代理商,华东,,,,,,,,
222,2021,中型项目,65.0,0.59,0.7727,-0.18270000000000008,直签,华东,,,,,,,,
223,2021,小型项目,21.8,0.77,0.7661,0.0039000000000000146,直签,华东,,,,,,,,
224,2021,小型项目,19.5,0.71,0.8182,-0.10820000000000007,直签,华北,,,,,,,,
225,2021,大型项目,246.0,0.4,0.7123,-0.3123,直签,华北,,,,,,,,
226,2021,微型项目,5.0,0.97,1.0,-0.030000000000000027,代理商,华东,,,,,,,,
227,2021,小型项目,25.0,0.93,0.904,0.026000000000000023,代理商,华北,,,,,,,,
228,2021,微型项目,1.91,0.97,0.822,0.14800000000000002,代理商,华南,,,,,,,,
229,2021,微型项目,0.83,0.97,0.759,0.21099999999999997,代理商,华东,,,,,,,,
230,2021,微型项目,1.68,0.97,1.0,-0.030000000000000027,直签,华北,,,,,,,,
231,2021,中型项目,46.5,0.21,0.6876,-0.4776,直签,华北,,,,,,,,
232,2021,小型项目,15.0,-0.28,0.8,-1.08,直签,华东,,,,,,,,
233,2021,超大型项目,656.99,0.36,0.6527,-0.29269999999999996,直签,华南,,,,,,,,
234,2021,小型项目,15.0,0.96,0.9077,0.05230000000000001,代理商,华北,,,,,,,,
235,2021,微型项目,2.0,0.97,0.88,0.08999999999999997,代理商,华北,,,,,,,,
236,2021,大型项目,115.0,0.58,0.7741,-0.19410000000000005,直签,华北,,,,,,,,
237,2021,微型项目,8.0,0.6,1.0,-0.4,直签,华东,,,,,,,,
238,2021,中型项目,35.0,0.89,0.9177,-0.027699999999999947,代理商,华北,,,,,,,,
239,2021,大型项目,115.0,0.93,0.8975,0.032500000000000084,直签,华北,,,,,,,,
240,2021,小型项目,13.0,0.97,0.7969,0.17309999999999992,代理商,华北,,,,,,,,
241,2021,中型项目,39.8,0.95,0.9304,0.01959999999999995,直签,华南,,,,,,,,
242,2021,中型项目,32.0,0.85,0.925,-0.07500000000000007,代理商,华东,,,,,,,,
243,2021,微型项目,2.7,0.97,0.9185,0.05149999999999999,直签,华南,,,,,,,,
244,2021,中型项目,44.0,0.97,1.0,-0.030000000000000027,代理商,华东,,,,,,,,
245,2021,中型项目,81.0,0.91,0.8642,0.04580000000000006,代理商,华北,,,,,,,,
246,2021,大型项目,105.0,0.57,0.879,-0.30900000000000005,直签,华东,,,,,,,,
247,2021,微型项目,5.0,0.97,1.0,-0.030000000000000027,代理商,华东,,,,,,,,
248,2021,微型项目,8.85,0.97,1.0,-0.030000000000000027,直签,华南,,,,,,,,
249,2021,微型项目,7.0,0.94,0.8786,0.0613999999999999,代理商,华南,,,,,,,,
250,2021,大型项目,119.0,0.81,0.9363,-0.12629999999999997,代理商,华南,,,,,,,,
251,2021,微型项目,2.75,0.97,1.0,-0.030000000000000027,直签,华南,,,,,,,,
252,2021,大型项目,142.0,0.9,0.6141,0.28590000000000004,直签,华东,,,,,,,,
253,2021,小型项目,15.0,0.97,1.0,-0.030000000000000027,代理商,华南,,,,,,,,
254,2021,小型项目,15.0,0.88,0.9,-0.020000000000000018,代理商,西北,,,,,,,,
255,2021,微型项目,2.0,0.97,0.48,0.49,代理商,华东,,,,,,,,
256,2021,超大型项目,361.9,0.29,0.482,-0.192,直签,华南,,,,,,,,
257,2021,微型项目,8.5,0.96,0.968,-0.008000000000000007,直签,华北,,,,,,,,
258,2021,大型项目,180.0,0.96,0.9925,-0.032500000000000084,代理商,华北,,,,,,,,
259,2021,小型项目,20.0,0.91,0.9711,-0.06109999999999993,代理商,华南,,,,,,,,
260,2021,中型项目,50.0,0.77,0.8667,-0.09670000000000001,代理商,华北,,,,,,,,
261,2021,中型项目,59.16,0.73,0.8471,-0.11709999999999998,代理商,华东,,,,,,,,
262,2021,大型项目,140.0,0.61,0.8054,-0.19540000000000002,直签,西北,,,,,,,,
263,2021,微型项目,5.0,0.97,0.92,0.04999999999999993,代理商,华北,,,,,,,,
264,2021,微型项目,10.0,0.81,0.94,-0.1299999999999999,代理商,华北,,,,,,,,
265,2021,大型项目,130.0,-1.47,0.5886,-2.0586,直签,华东,,,,,,,,
266,2021,大型项目,172.0,0.82,0.9164,-0.09640000000000004,代理商,华北,,,,,,,,
267,2021,中型项目,50.0,0.88,0.8591,0.02090000000000003,代理商,华北,,,,,,,,
268,2021,大型项目,110.0,0.84,0.8419,-0.0019000000000000128,直签,华北,,,,,,,,
269,2021,大型项目,166.17,0.27,0.4664,-0.19639999999999996,代理商,华南,,,,,,,,
270,2021,小型项目,23.0,0.96,1.0,-0.040000000000000036,直签,华东,,,,,,,,
271,2021,大型项目,127.36,0.3,0.9303,-0.6303000000000001,直签,华南,,,,,,,,
272,2021,小型项目,29.6,0.8,0.8045,-0.0044999999999999485,直签,华东,,,,,,,,
273,2021,微型项目,2.25,0.97,0.5022,0.4678,直签,华北,,,,,,,,
274,2021,小型项目,15.0,0.97,1.0,-0.030000000000000027,代理商,华东,,,,,,,,
275,2021,中型项目,43.8,0.84,0.8651,-0.02510000000000001,直签,华北,,,,,,,,
276,2021,微型项目,0.5,0.97,1.0,-0.030000000000000027,代理商,华东,,,,,,,,
277,2021,小型项目,19.0,0.39,0.7368,-0.3468,代理商,华北,,,,,,,,
278,2021,小型项目,15.0,0.66,0.88,-0.21999999999999997,代理商,华南,,,,,,,,
279,2021,小型项目,22.89,0.78,0.8427,-0.06269999999999998,直签,华南,,,,,,,,
280,2021,微型项目,8.68,0.95,0.9078,0.042199999999999904,代理商,华北,,,,,,,,
281,2021,小型项目,23.0,0.88,0.9455,-0.0655,代理商,华北,,,,,,,,
282,2021,超大型项目,410.8,0.51,0.4012,0.10880000000000001,直签,华北,,,,,,,,
283,2021,中型项目,67.51,0.95,0.9048,0.04519999999999991,代理商,华北,,,,,,,,
284,2021,小型项目,11.0,0.97,0.9782,-0.008199999999999985,代理商,华北,,,,,,,,
285,2021,小型项目,15.0,0.97,0.968,0.0020000000000000018,代理商,华北,,,,,,,,
286,2021,中型项目,36.0,0.53,0.9333,-0.4033,代理商,华东,,,,,,,,
287,2021,大型项目,230.0,0.55,0.8766,-0.3266,直签,华东,,,,,,,,
288,2021,中型项目,40.0,0.84,0.8269,0.0131,代理商,华北,,,,,,,,
289,2021,小型项目,20.0,0.94,1.0,-0.06000000000000005,代理商,华南,,,,,,,,
290,2021,中型项目,77.9,0.51,0.8253,-0.3153,直签,华北,,,,,,,,
291,2021,中型项目,40.08,0.96,0.9601,-9.999999999998899e-05,代理商,华北,,,,,,,,
292,2021,中型项目,50.0,0.93,0.9078,0.022199999999999998,代理商,华北,,,,,,,,
293,2022,中型项目,80.0,0.65,0.96,-0.30999999999999994,代理商,华南,,,,,,,,
294,2022,微型项目,6.0,0.97,1.0,-0.030000000000000027,代理商,华南,,,,,,,,
295,2022,小型项目,13.0,0.91,0.8692,0.04080000000000006,代理商,华南,,,,,,,,
296,2022,中型项目,95.0,0.91,0.9411,-0.031100000000000017,直签,华北,,,,,,,,
297,2022,小型项目,25.0,0.73,0.95,-0.21999999999999997,代理商,华东,,,,,,,,
298,2022,小型项目,10.5,0.9,1.0,-0.09999999999999998,代理商,华南,,,,,,,,
299,2022,小型项目,19.8,0.8,0.832,-0.03199999999999992,直签,华东,,,,,,,,
300,2022,小型项目,10.5,0.97,0.9771,-0.007099999999999995,代理商,华北,,,,,,,,
301,2022,微型项目,1.5,0.97,0.8933,0.07669999999999999,直签,华北,,,,,,,,
302,2022,微型项目,8.5,0.97,1.0,-0.030000000000000027,代理商,华南,,,,,,,,
303,2022,小型项目,11.5,0.97,0.9261,0.04389999999999994,代理商,华南,,,,,,,,
304,2022,微型项目,0.5,0.97,1.0,-0.030000000000000027,代理商,华东,,,,,,,,
305,2022,微型项目,1.68,0.97,1.0,-0.030000000000000027,直签,华北,,,,,,,,
306,2022,微型项目,1.6,0.97,0.8,0.16999999999999993,代理商,华东,,,,,,,,
307,2022,中型项目,36.0,0.82,0.9217,-0.10170000000000001,代理商,华南,,,,,,,,
308,2022,微型项目,6.89,0.95,1.0,-0.050000000000000044,直签,华北,,,,,,,,
309,2022,小型项目,14.04,0.11,0.7293,-0.6193,直签,华北,,,,,,,,
310,2022,小型项目,12.6,0.86,0.9048,-0.04480000000000006,代理商,华北,,,,,,,,
311,2022,小型项目,18.0,0.9,1.0,-0.09999999999999998,直签,华东,,,,,,,,
312,2022,中型项目,50.0,0.2,0.8333,-0.6333,直签,华东,,,,,,,,
313,2022,小型项目,15.0,0.95,0.96,-0.010000000000000009,直签,西南,,,,,,,,
314,2022,中型项目,56.0,0.58,0.2679,0.31209999999999993,代理商,华南,,,,,,,,
315,2022,大型项目,115.0,0.88,0.564,0.31600000000000006,代理商,华南,,,,,,,,
316,2022,微型项目,2.88,0.97,0.9236,0.0464,代理商,华南,,,,,,,,
317,2022,小型项目,11.1,0.73,0.9306,-0.2006,代理商,华南,,,,,,,,
318,2022,微型项目,1.4,0.97,1.0,-0.030000000000000027,代理商,华南,,,,,,,,
319,2022,小型项目,26.0,0.88,0.9371,-0.05710000000000004,代理商,华北,,,,,,,,
320,2022,微型项目,5.0,0.97,0.89,0.07999999999999996,直签,华北,,,,,,,,
321,2022,大型项目,125.0,0.43,0.5071,-0.0771,直签,华东,,,,,,,,
322,2022,小型项目,16.0,0.75,0.8144,-0.06440000000000001,代理商,华东,,,,,,,,
323,2022,中型项目,79.75,0.78,0.7657,0.01429999999999998,直签,华东,,,,,,,,
324,2022,中型项目,40.0,0.96,0.8286,0.13139999999999996,代理商,华北,,,,,,,,
325,2022,中型项目,38.0,-1.07,0.6684,-1.7384,直签,华东,,,,,,,,
326,2022,微型项目,0.45,0.97,1.0,-0.030000000000000027,直签,西北,,,,,,,,
327,2022,微型项目,4.97,0.97,1.0,-0.030000000000000027,直签,华东,,,,,,,,
328,2022,小型项目,20.0,0.97,1.0,-0.030000000000000027,代理商,华南,,,,,,,,
329,2022,大型项目,185.0,0.78,0.8571,-0.07709999999999995,直签,华北,,,,,,,,
330,2022,微型项目,0.6,0.97,1.0,-0.030000000000000027,代理商,华东,,,,,,,,
331,2022,微型项目,2.25,0.97,0.7556,0.21439999999999992,代理商,华东,,,,,,,,
332,2022,微型项目,1.3,0.91,1.0,-0.08999999999999997,直签,华北,,,,,,,,
333,2022,微型项目,10.0,0.97,1.0,-0.030000000000000027,代理商,华北,,,,,,,,
334,2022,小型项目,13.0,0.74,0.8477,-0.10770000000000002,代理商,华东,,,,,,,,
335,2022,微型项目,7.7,0.74,0.8571,-0.11709999999999998,代理商,华南,,,,,,,,
336,2022,微型项目,1.5,0.97,1.0,-0.030000000000000027,代理商,华东,,,,,,,,
337,2022,小型项目,30.0,0.5,0.704,-0.20399999999999996,代理商,西南,,,,,,,,
338,2022,微型项目,7.0,0.92,0.8857,0.0343,代理商,华北,,,,,,,,
339,2022,小型项目,15.8,0.97,1.0,-0.030000000000000027,代理商,华东,,,,,,,,
340,2022,小型项目,11.0,0.97,1.0,-0.030000000000000027,代理商,华南,,,,,,,,
341,2022,大型项目,140.0,0.39,0.7038,-0.31379999999999997,代理商,华北,,,,,,,,
342,2022,微型项目,6.5,0.97,0.9154,0.05459999999999998,代理商,华南,,,,,,,,
343,2022,微型项目,2.2,0.97,1.0,-0.030000000000000027,代理商,华北,,,,,,,,
344,2022,微型项目,7.0,0.97,1.0,-0.030000000000000027,代理商,华东,,,,,,,,
345,2022,小型项目,25.0,0.8,0.8,0.0,直签,华北,,,,,,,,
346,2022,小型项目,11.5,0.57,0.8261,-0.2561,代理商,华东,,,,,,,,
347,2022,小型项目,13.0,0.97,1.0,-0.030000000000000027,代理商,华北,,,,,,,,
348,2022,中型项目,60.0,0.7,0.8103,-0.11030000000000006,代理商,华北,,,,,,,,
349,2022,小型项目,18.0,0.7,0.6941,0.005899999999999905,直签,华北,,,,,,,,
350,2022,中型项目,45.32,-0.04,0.8411,-0.8811,代理商,华南,,,,,,,,
351,2022,小型项目,22.92,0.87,0.5366,0.33340000000000003,代理商,华北,,,,,,,,
352,2022,中型项目,78.32,0.57,0.8881,-0.31810000000000005,直签,华南,,,,,,,,
353,2022,小型项目,11.0,0.96,0.898,0.061999999999999944,直签,西南,,,,,,,,
354,2022,微型项目,1.5,0.97,0.8533,0.11670000000000003,代理商,华南,,,,,,,,
355,2022,微型项目,3.0,0.76,1.0,-0.24,代理商,华南,,,,,,,,
356,2022,微型项目,3.0,0.97,0.9267,0.043300000000000005,直签,华南,,,,,,,,
357,2022,小型项目,10.5,0.79,0.8398,-0.049799999999999955,代理商,华北,,,,,,,,
358,2022,微型项目,1.72,0.97,1.0,-0.030000000000000027,代理商,华北,,,,,,,,
359,2022,小型项目,25.0,0.8,0.894,-0.09399999999999997,代理商,华南,,,,,,,,
360,2022,中型项目,68.5,0.54,0.9075,-0.36749999999999994,直签,华北,,,,,,,,
361,2022,微型项目,1.0,0.86,1.0,-0.14,代理商,华东,,,,,,,,
362,2022,微型项目,1.9,0.97,1.0,-0.030000000000000027,直签,华东,,,,,,,,
363,2022,微型项目,10.0,0.94,0.89,0.04999999999999993,代理商,华南,,,,,,,,
364,2022,中型项目,60.0,0.94,0.964,-0.02400000000000002,代理商,华北,,,,,,,,
365,2022,中型项目,84.71,0.81,0.8832,-0.07319999999999993,代理商,华中,,,,,,,,
366,2022,中型项目,85.0,0.61,0.712,-0.10199999999999998,代理商,华北,,,,,,,,
367,2022,微型项目,0.5,0.97,1.0,-0.030000000000000027,代理商,华北,,,,,,,,
368,2022,微型项目,7.2,0.97,1.0,-0.030000000000000027,直签,华东,,,,,,,,
369,2022,小型项目,29.4,0.96,1.0,-0.040000000000000036,直签,华北,,,,,,,,
370,2022,微型项目,2.0,0.97,1.0,-0.030000000000000027,代理商,华东,,,,,,,,
371,2022,小型项目,12.5,0.83,0.856,-0.026000000000000023,代理商,华北,,,,,,,,
372,2022,微型项目,10.0,0.74,0.74,0.0,直签,华北,,,,,,,,
373,2022,小型项目,12.5,0.72,0.872,-0.15200000000000002,代理商,华东,,,,,,,,
374,2022,微型项目,0.5,0.97,1.0,-0.030000000000000027,代理商,华北,,,,,,,,
375,2022,微型项目,1.5,0.97,1.0,-0.030000000000000027,直签,西南,,,,,,,,
376,2022,微型项目,5.6,0.27,0.3571,-0.08709999999999996,代理商,华南,,,,,,,,
377,2022,微型项目,0.99,0.97,1.0,-0.030000000000000027,代理商,华东,,,,,,,,
378,2022,中型项目,46.0,0.28,0.7014,-0.4214,直签,华东,,,,,,,,
379,2022,微型项目,1.2,0.97,1.0,-0.030000000000000027,直签,华北,,,,,,,,
380,2022,微型项目,4.76,0.97,0.8151,0.15489999999999993,代理商,华南,,,,,,,,
381,2022,小型项目,14.6,0.76,0.8288,-0.06879999999999997,代理商,华东,,,,,,,,
382,2022,微型项目,1.2,0.97,1.0,-0.030000000000000027,代理商,华北,,,,,,,,
383,2022,中型项目,31.0,0.7,0.904,-0.20400000000000007,直签,华北,,,,,,,,
384,2022,微型项目,0.5,0.97,1.0,-0.030000000000000027,代理商,华东,,,,,,,,
385,2022,微型项目,2.5,0.97,1.0,-0.030000000000000027,代理商,华北,,,,,,,,
386,2022,微型项目,9.8,0.94,0.951,-0.01100000000000001,代理商,华北,,,,,,,,
387,2022,小型项目,14.0,0.47,0.6143,-0.14429999999999998,代理商,华南,,,,,,,,
388,2022,中型项目,35.9,0.92,0.9381,-0.018100000000000005,代理商,华北,,,,,,,,
389,2022,中型项目,36.0,0.91,0.94,-0.029999999999999916,代理商,华北,,,,,,,,
390,2022,微型项目,9.45,0.59,0.7047,-0.11470000000000002,直签,华东,,,,,,,,
391,2022,中型项目,87.0,0.74,0.9179,-0.17790000000000006,代理商,华东,,,,,,,,
392,2022,微型项目,5.0,0.97,1.0,-0.030000000000000027,代理商,华南,,,,,,,,
393,2022,微型项目,5.0,0.97,1.0,-0.030000000000000027,代理商,华南,,,,,,,,
394,2022,微型项目,4.5,0.97,1.0,-0.030000000000000027,代理商,华北,,,,,,,,
395,2022,微型项目,1.9,0.97,0.7474,0.22260000000000002,直签,华北,,,,,,,,
396,2022,中型项目,46.5,0.85,0.8495,0.0004999999999999449,直签,西北,,,,,,,,
397,2022,微型项目,8.8,0.97,1.0,-0.030000000000000027,直签,华东,,,,,,,,
398,2022,中型项目,70.0,0.48,0.8824,-0.4024,代理商,华北,,,,,,,,
399,2022,小型项目,21.5,0.95,0.9246,0.025399999999999978,直签,华北,,,,,,,,
400,2022,中型项目,45.0,0.96,0.91,0.04999999999999993,代理商,华东,,,,,,,,
401,2022,中型项目,38.9,0.96,0.9635,-0.0035000000000000586,直签,华北,,,,,,,,
402,2022,中型项目,65.0,0.44,0.7148,-0.2748,直签,西北,,,,,,,,
403,2022,中型项目,40.0,0.88,0.9,-0.020000000000000018,代理商,华北,,,,,,,,
404,2022,微型项目,7.36,0.24,0.5313,-0.2913,直签,华南,,,,,,,,
405,2022,大型项目,170.9,0.48,0.8118,-0.3318,代理商,华中,,,,,,,,
406,2022,微型项目,2.9,0.97,1.0,-0.030000000000000027,代理商,华北,,,,,,,,
407,2022,微型项目,2.0,0.97,1.0,-0.030000000000000027,直签,华东,,,,,,,,
408,2022,微型项目,2.0,0.97,1.0,-0.030000000000000027,代理商,华东,,,,,,,,
409,2022,小型项目,28.0,0.95,0.6986,0.25139999999999996,直签,华南,,,,,,,,
410,2022,微型项目,1.5,0.97,1.0,-0.030000000000000027,直签,华东,,,,,,,,
411,2022,小型项目,10.2,0.6,0.7549,-0.15490000000000004,代理商,华北,,,,,,,,
412,2022,微型项目,10.0,0.97,1.0,-0.030000000000000027,代理商,华东,,,,,,,,
413,2022,中型项目,52.0,0.9,0.95,-0.04999999999999993,代理商,华南,,,,,,,,
414,2022,小型项目,14.0,0.65,0.9143,-0.2643,代理商,华北,,,,,,,,
415,2022,微型项目,7.6,0.97,0.6842,0.28579999999999994,直签,西北,,,,,,,,
416,2022,微型项目,2.8,0.97,1.0,-0.030000000000000027,代理商,华南,,,,,,,,
417,2022,微型项目,1.2,0.97,1.0,-0.030000000000000027,代理商,华东,,,,,,,,
418,2022,中型项目,37.1,-0.14,0.6226,-0.7626000000000001,直签,华南,,,,,,,,
419,2022,中型项目,38.9,0.96,0.9777,-0.01770000000000005,直签,华北,,,,,,,,
420,2022,小型项目,30.0,0.16,0.52,-0.36,直签,华北,,,,,,,,
421,2022,小型项目,11.0,0.97,0.8773,0.0927,直签,华北,,,,,,,,
422,2022,中型项目,94.18,0.69,0.7769,-0.08690000000000009,直签,华南,,,,,,,,
423,2022,微型项目,4.96,0.38,0.6371,-0.2571,直签,西南,,,,,,,,
424,2022,小型项目,15.0,0.96,0.8733,0.0867,直签,华北,,,,,,,,
425,2022,大型项目,132.0,0.66,0.7872,-0.12719999999999998,直签,华东,,,,,,,,
426,2022,中型项目,38.0,0.62,0.8652,-0.24519999999999997,代理商,华北,,,,,,,,
427,2022,大型项目,160.0,0.8,0.887,-0.08699999999999997,直签,华东,,,,,,,,
428,2022,微型项目,1.56,0.97,1.0,-0.030000000000000027,代理商,华北,,,,,,,,
429,2022,大型项目,146.0,0.94,1.0,-0.06000000000000005,直签,华北,,,,,,,,
430,2022,大型项目,189.21,0.63,0.7649,-0.13490000000000002,直签,华东,,,,,,,,
431,2022,微型项目,10.0,0.69,0.706,-0.016000000000000014,代理商,华东,,,,,,,,
432,2022,微型项目,8.0,0.81,0.7243,0.0857,代理商,华东,,,,,,,,
433,2022,大型项目,234.0,0.94,0.9579,-0.017900000000000027,代理商,华东,,,,,,,,
434,2022,小型项目,12.8,0.88,0.8852,-0.005199999999999982,代理商,西北,,,,,,,,
435,2022,小型项目,30.0,0.81,0.8255,-0.015499999999999958,直签,华北,,,,,,,,
436,2022,微型项目,5.8,0.91,0.9585,-0.04849999999999999,代理商,华东,,,,,,,,
437,2022,中型项目,98.0,0.76,0.9,-0.14,直签,华北,,,,,,,,
438,2022,微型项目,2.36,0.97,0.822,0.14800000000000002,直签,华南,,,,,,,,
439,2022,小型项目,11.25,0.72,0.64,0.07999999999999996,直签,华北,,,,,,,,
440,2022,中型项目,75.0,0.41,0.5787,-0.16870000000000002,代理商,华东,,,,,,,,
441,2022,微型项目,2.24,0.97,1.0,-0.030000000000000027,直签,华北,,,,,,,,
442,2022,小型项目,16.8,0.96,0.9673,-0.007300000000000084,代理商,华东,,,,,,,,
443,2022,中型项目,49.0,0.88,0.8769,0.0030999999999999917,直签,华北,,,,,,,,
444,2022,大型项目,133.0,0.05,0.0616,-0.0116,直签,华东,,,,,,,,
445,2022,中型项目,43.5,0.86,0.9563,-0.09630000000000005,代理商,华东,,,,,,,,
446,2022,小型项目,30.0,0.83,0.7987,0.031299999999999994,代理商,华东,,,,,,,,
447,2022,微型项目,2.85,0.97,1.0,-0.030000000000000027,代理商,华北,,,,,,,,
448,2022,小型项目,14.96,0.74,0.1243,0.6157,直签,西南,,,,,,,,
449,2022,微型项目,1.28,0.92,1.0,-0.07999999999999996,直签,华北,,,,,,,,
450,2022,超大型项目,564.57,0.94,0.9697,-0.02970000000000006,代理商,华南,,,,,,,,
451,2022,大型项目,130.08,0.12,0.4075,-0.2875,直签,华南,,,,,,,,
452,2022,微型项目,9.9,0.97,0.9556,0.014399999999999968,直签,华东,,,,,,,,
453,2022,微型项目,5.0,0.97,0.916,0.05399999999999994,代理商,华南,,,,,,,,
454,2022,大型项目,299.0,0.83,0.9512,-0.12120000000000009,代理商,华北,,,,,,,,
455,2022,微型项目,0.7,0.97,0.8,0.16999999999999993,代理商,华南,,,,,,,,
456,2022,大型项目,115.46,0.97,0.981,-0.01100000000000001,直签,华南,,,,,,,,
457,2022,小型项目,26.5,0.92,0.8848,0.03520000000000001,代理商,华北,,,,,,,,
458,2022,大型项目,264.1,0.84,0.7936,0.0464,代理商,华南,,,,,,,,
459,2022,微型项目,4.5,0.75,0.4222,0.3278,代理商,华南,,,,,,,,
460,2022,微型项目,7.97,0.97,1.0,-0.030000000000000027,直签,华北,,,,,,,,
461,2022,大型项目,146.5,0.82,0.8235,-0.0035000000000000586,代理商,华北,,,,,,,,
462,2022,小型项目,20.0,0.95,0.892,0.05799999999999994,代理商,华北,,,,,,,,
463,2022,微型项目,4.65,0.97,0.9527,0.017299999999999982,代理商,华东,,,,,,,,
464,2022,微型项目,1.2,0.97,1.0,-0.030000000000000027,代理商,华东,,,,,,,,
465,2022,微型项目,1.2,0.89,1.0,-0.10999999999999999,代理商,华北,,,,,,,,
466,2022,小型项目,18.1,0.92,0.9337,-0.013699999999999934,代理商,华东,,,,,,,,
467,2022,小型项目,18.1,0.95,0.9337,0.01629999999999998,代理商,华东,,,,,,,,
468,2022,微型项目,8.0,0.97,1.0,-0.030000000000000027,直签,华东,,,,,,,,
469,2022,微型项目,9.02,0.97,0.9379,0.03210000000000002,代理商,华南,,,,,,,,
470,2022,微型项目,5.7,0.96,0.8933,0.06669999999999998,直签,华南,,,,,,,,
471,2022,微型项目,8.5,0.97,0.8682,0.1018,直签,华南,,,,,,,,
472,2022,中型项目,51.0,0.72,0.8882,-0.16820000000000002,代理商,华北,,,,,,,,
473,2022,中型项目,38.0,0.82,0.8882,-0.06820000000000004,代理商,华北,,,,,,,,
474,2022,微型项目,1.02,0.97,1.0,-0.030000000000000027,代理商,华北,,,,,,,,
475,2022,微型项目,5.9,0.97,0.7627,0.20729999999999993,直签,西南,,,,,,,,
476,2022,中型项目,40.0,0.84,0.9175,-0.07750000000000001,代理商,华东,,,,,,,,
477,2022,中型项目,45.0,0.86,0.9523,-0.09230000000000005,代理商,华北,,,,,,,,
478,2022,中型项目,50.25,0.75,0.6687,0.08130000000000004,代理商,华南,,,,,,,,
479,2022,中型项目,80.0,0.95,1.0,-0.050000000000000044,直签,华北,,,,,,,,
480,2022,小型项目,21.2,0.97,0.9075,0.0625,代理商,华南,,,,,,,,
481,2022,中型项目,90.0,0.79,0.8081,-0.018100000000000005,代理商,华北,,,,,,,,
482,2022,微型项目,2.0,0.97,1.0,-0.030000000000000027,代理商,华东,,,,,,,,
483,2022,微型项目,10.0,0.93,0.86,0.07000000000000006,代理商,华中,,,,,,,,
484,2022,中型项目,37.0,0.96,0.9313,0.028699999999999948,直签,华北,,,,,,,,
485,2022,微型项目,6.0,0.94,0.3,0.6399999999999999,代理商,华东,,,,,,,,
486,2022,中型项目,94.16,0.96,0.9817,-0.021700000000000053,代理商,华北,,,,,,,,
487,2022,中型项目,50.0,0.82,0.844,-0.02400000000000002,代理商,华南,,,,,,,,
488,2022,小型项目,19.4,0.95,0.8841,0.06589999999999996,直签,华北,,,,,,,,
489,2022,微型项目,10.0,0.77,0.89,-0.12,代理商,华南,,,,,,,,
490,2022,中型项目,62.75,0.1,0.0798,0.02020000000000001,直签,华南,,,,,,,,
491,2022,微型项目,5.0,0.97,0.916,0.05399999999999994,代理商,华南,,,,,,,,
492,2022,中型项目,48.0,0.71,0.7656,-0.05559999999999998,直签,华北,,,,,,,,
493,2022,中型项目,49.0,0.96,0.9469,0.0131,代理商,华南,,,,,,,,
494,2022,中型项目,75.66,0.69,0.6966,-0.00660000000000005,直签,华北,,,,,,,,
495,2022,中型项目,45.0,0.77,0.742,0.028000000000000025,代理商,华北,,,,,,,,
496,2022,微型项目,5.0,0.9,1.0,-0.09999999999999998,代理商,西北,,,,,,,,
497,2022,中型项目,55.0,0.86,0.8886,-0.02859999999999996,直签,华北,,,,,,,,
498,2022,超大型项目,432.23,0.45,0.4442,0.005800000000000027,直签,华南,,,,,,,,
499,2022,中型项目,66.5,0.9,0.9429,-0.04289999999999994,代理商,华东,,,,,,,,
500,2022,小型项目,17.0,0.82,0.8582,-0.03820000000000001,代理商,华北,,,,,,,,
501,2022,大型项目,145.0,0.72,0.9504,-0.23040000000000005,直签,华北,,,,,,,,
502,2022,中型项目,56.5,0.8,0.7796,0.020400000000000085,直签,华南,,,,,,,,
503,2022,中型项目,77.61,0.73,0.5301,0.19989999999999997,直签,西南,,,,,,,,
504,2022,小型项目,23.0,0.87,0.8952,-0.0252,代理商,华北,,,,,,,,
505,2022,超大型项目,399.0,0.67,0.4182,0.2518,直签,华东,,,,,,,,
506,2022,微型项目,8.88,0.97,0.8356,0.13439999999999996,直签,华北,,,,,,,,
507,2022,大型项目,220.25,0.5,0.2058,0.2942,直签,西北,,,,,,,,
508,2022,微型项目,1.5,0.77,1.0,-0.22999999999999998,代理商,华东,,,,,,,,
509,2022,微型项目,1.6,0.97,1.0,-0.030000000000000027,代理商,华南,,,,,,,,
510,2022,中型项目,90.0,0.81,0.9367,-0.12669999999999992,代理商,华北,,,,,,,,
511,2022,微型项目,2.8,0.97,0.9,0.06999999999999995,代理商,华南,,,,,,,,
512,2022,中型项目,85.0,0.86,0.8964,-0.03639999999999999,直签,华北,,,,,,,,
513,2022,微型项目,7.0,0.97,1.0,-0.030000000000000027,代理商,华南,,,,,,,,
514,2022,小型项目,16.0,0.86,0.8813,-0.021299999999999986,代理商,华北,,,,,,,,
515,2022,微型项目,3.0,0.97,0.5067,0.46329999999999993,直签,华北,,,,,,,,
516,2022,中型项目,44.8,0.87,0.9133,-0.043300000000000005,直签,西南,,,,,,,,
517,2022,微型项目,2.25,0.97,0.6889,0.2811,代理商,华东,,,,,,,,
518,2022,小型项目,30.0,0.63,0.018,0.612,代理商,华东,,,,,,,,
519,2022,中型项目,33.9,0.79,0.6785,0.11150000000000004,直签,华南,,,,,,,,
520,2022,中型项目,34.5,0.96,0.9796,-0.019600000000000062,代理商,华南,,,,,,,,
521,2022,中型项目,57.97,0.8,0.5382,0.26180000000000003,直签,华东,,,,,,,,
522,2022,微型项目,5.0,0.46,0.58,-0.11999999999999994,代理商,华南,,,,,,,,
523,2022,微型项目,5.0,0.92,0.748,0.17200000000000004,代理商,华东,,,,,,,,
524,2022,微型项目,9.75,0.96,0.7548,0.20519999999999994,直签,华北,,,,,,,,
525,2022,中型项目,80.0,0.76,0.7775,-0.01749999999999996,直签,华东,,,,,,,,
526,2022,中型项目,54.72,0.56,0.5051,0.05490000000000006,代理商,华北,,,,,,,,
527,2022,小型项目,22.5,0.86,0.8349,0.02510000000000001,直签,西南,,,,,,,,
528,2022,微型项目,2.0,0.86,0.79,0.06999999999999995,代理商,华南,,,,,,,,
529,2022,小型项目,18.0,0.92,0.8219,0.09810000000000008,直签,华北,,,,,,,,
530,2022,中型项目,50.0,0.92,0.9558,-0.03579999999999994,代理商,华北,,,,,,,,
531,2022,微型项目,7.48,0.97,1.0,-0.030000000000000027,直签,华南,,,,,,,,
532,2022,大型项目,170.0,0.96,0.9553,0.0046999999999999265,代理商,华北,,,,,,,,
533,2022,微型项目,2.28,0.97,1.0,-0.030000000000000027,直签,华北,,,,,,,,
534,2022,中型项目,77.0,0.76,0.711,0.049000000000000044,直签,华北,,,,,,,,
535,2022,微型项目,3.9,0.97,0.7949,0.17509999999999992,直签,华北,,,,,,,,
536,2022,大型项目,189.0,0.67,0.7025,-0.03249999999999997,直签,华北,,,,,,,,
537,2022,中型项目,56.0,0.87,0.8751,-0.005099999999999993,代理商,华东,,,,,,,,
538,2022,中型项目,36.0,0.68,0.8415,-0.16149999999999998,直签,西南,,,,,,,,
539,2022,小型项目,11.94,0.97,1.0,-0.030000000000000027,直签,华南,,,,,,,,
540,2022,微型项目,2.7,0.97,1.0,-0.030000000000000027,代理商,华北,,,,,,,,
541,2022,微型项目,2.4,0.97,0.8167,0.1533,代理商,华东,,,,,,,,
542,2022,微型项目,6.8,0.97,1.0,-0.030000000000000027,代理商,华东,,,,,,,,
543,2022,微型项目,3.0,0.97,1.0,-0.030000000000000027,代理商,华南,,,,,,,,
544,2022,微型项目,5.0,0.97,1.0,-0.030000000000000027,代理商,华南,,,,,,,,
545,2022,小型项目,26.0,0.77,0.819,-0.04899999999999993,直签,华北,,,,,,,,
546,2022,小型项目,24.23,0.75,0.8734,-0.12339999999999995,直签,华东,,,,,,,,
547,2022,中型项目,62.0,0.89,1.0,-0.10999999999999999,代理商,华北,,,,,,,,
548,2022,微型项目,2.7,0.88,0.8963,-0.01629999999999998,直签,华南,,,,,,,,
549,2022,微型项目,0.5,0.97,1.0,-0.030000000000000027,代理商,华东,,,,,,,,
550,2022,小型项目,22.218,-0.22,-0.0653,-0.1547,直签,西南,,,,,,,,
551,2022,小型项目,17.0,0.97,0.9753,-0.005299999999999971,代理商,华南,,,,,,,,
552,2022,微型项目,5.0,0.97,1.0,-0.030000000000000027,代理商,华南,,,,,,,,
553,2022,微型项目,9.0,0.83,0.77,0.05999999999999994,代理商,华北,,,,,,,,
554,2022,微型项目,8.0,0.89,0.21,0.68,直签,华东,,,,,,,,
555,2022,微型项目,5.0,0.95,0.704,0.246,代理商,华南,,,,,,,,
556,2022,微型项目,3.498,0.97,1.0,-0.030000000000000027,代理商,华东,,,,,,,,
557,2022,小型项目,12.0,0.95,0.9767,-0.026700000000000057,代理商,西南,,,,,,,,
558,2022,中型项目,43.5,0.83,0.9038,-0.07380000000000009,直签,华北,,,,,,,,
559,2022,中型项目,42.8,0.86,0.7397,0.12029999999999996,直签,华中,,,,,,,,
560,2022,小型项目,23.0,0.4,0.6687,-0.26869999999999994,直签,华东,,,,,,,,
561,2022,微型项目,3.5,0.93,0.5771,0.3529000000000001,代理商,华北,,,,,,,,
562,2022,微型项目,6.5,0.97,0.9354,0.034599999999999964,代理商,华南,,,,,,,,
563,2022,中型项目,68.0,0.92,0.9426,-0.022599999999999953,代理商,华南,,,,,,,,
564,2022,小型项目,13.0,0.88,0.8,0.07999999999999996,代理商,华北,,,,,,,,
565,2022,微型项目,5.7,0.93,1.0,-0.06999999999999995,直签,华北,,,,,,,,
566,2022,微型项目,1.48,0.97,1.0,-0.030000000000000027,直签,华北,,,,,,,,
567,2022,中型项目,99.0,0.61,0.5237,0.08629999999999993,直签,华北,,,,,,,,
568,2022,小型项目,11.0,0.95,0.7273,0.2227,代理商,华东,,,,,,,,
569,2022,大型项目,226.41,0.92,0.9707,-0.05069999999999997,代理商,西南,,,,,,,,
570,2022,微型项目,6.0,0.97,0.89,0.07999999999999996,代理商,华北,,,,,,,,
571,2022,中型项目,40.0,0.41,0.4211,-0.011099999999999999,代理商,华东,,,,,,,,
572,2022,微型项目,2.5,0.97,1.0,-0.030000000000000027,代理商,西北,,,,,,,,
573,2022,小型项目,15.0,0.97,1.0,-0.030000000000000027,直签,华南,,,,,,,,
574,2022,中型项目,48.0,0.95,0.9458,0.0041999999999999815,代理商,华南,,,,,,,,
575,2022,小型项目,22.0,0.69,0.8377,-0.14770000000000005,代理商,华北,,,,,,,,
576,2022,微型项目,5.0,0.96,0.7556,0.20439999999999992,代理商,华东,,,,,,,,
577,2022,微型项目,2.25,0.94,0.56,0.3799999999999999,直签,华北,,,,,,,,
578,2022,微型项目,3.15,0.97,0.8667,0.10329999999999995,代理商,华东,,,,,,,,
579,2022,小型项目,13.56,0.96,1.0,-0.040000000000000036,直签,华南,,,,,,,,
580,2022,小型项目,29.26,0.91,1.0,-0.08999999999999997,直签,华南,,,,,,,,
581,2022,微型项目,7.0,0.92,0.8857,0.0343,代理商,华北,,,,,,,,
582,2022,小型项目,17.8,0.94,0.9607,-0.02070000000000005,代理商,华东,,,,,,,,
583,2022,微型项目,1.2,0.97,1.0,-0.030000000000000027,代理商,华北,,,,,,,,
584,2022,微型项目,5.0,0.95,0.704,0.246,代理商,华南,,,,,,,,
585,2022,小型项目,17.0,0.56,0.8206,-0.26059999999999994,代理商,华北,,,,,,,,
586,2022,中型项目,52.5,0.96,1.0,-0.040000000000000036,代理商,华南,,,,,,,,
587,2022,中型项目,36.0,0.72,0.8194,-0.09940000000000004,代理商,华南,,,,,,,,
588,2022,微型项目,1.5,0.97,1.0,-0.030000000000000027,代理商,华东,,,,,,,,
589,2022,微型项目,4.0,0.97,1.0,-0.030000000000000027,代理商,华南,,,,,,,,
590,2022,微型项目,6.0,0.97,1.0,-0.030000000000000027,代理商,华南,,,,,,,,
591,2022,超大型项目,408.36,0.78,0.7961,-0.016100000000000003,代理商,华南,,,,,,,,
592,2022,中型项目,73.0,0.76,0.8159,-0.05589999999999995,代理商,华南,,,,,,,,
593,2022,中型项目,56.0,0.86,0.7855,0.07450000000000001,代理商,华南,,,,,,,,
594,2022,小型项目,18.0,0.96,0.9345,0.025499999999999967,直签,华北,,,,,,,,
595,2022,大型项目,184.0,0.87,0.9537,-0.0837,代理商,华北,,,,,,,,
596,2022,微型项目,10.0,0.89,0.8895,0.000500000000000056,代理商,华南,,,,,,,,
597,2022,微型项目,1.5,0.97,0.7067,0.2633,代理商,华东,,,,,,,,
598,2022,微型项目,4.3,0.95,0.814,0.136,直签,华北,,,,,,,,
599,2022,微型项目,5.5,0.97,1.0,-0.030000000000000027,代理商,华东,,,,,,,,
600,2022,微型项目,2.0,0.97,1.0,-0.030000000000000027,代理商,西北,,,,,,,,
601,2022,中型项目,48.0,0.96,0.678,0.2819999999999999,代理商,华北,,,,,,,,
602,2022,小型项目,25.0,0.91,0.896,0.014000000000000012,代理商,华北,,,,,,,,
603,2022,中型项目,59.0,0.58,0.887,-0.30700000000000005,直签,西北,,,,,,,,
604,2022,微型项目,0.83,0.97,1.0,-0.030000000000000027,代理商,华东,,,,,,,,
605,2022,微型项目,2.24,0.97,1.0,-0.030000000000000027,直签,华北,,,,,,,,
606,2022,大型项目,160.0,0.79,0.7101,0.07990000000000008,代理商,华北,,,,,,,,
607,2023,微型项目,5.5,0.41,0.6545,-0.2445,代理商,华北,,,,,,,,
608,2023,小型项目,11.22,0.73,0.7193,0.010699999999999932,代理商,华东,,,,,,,,
609,2023,微型项目,1.5,0.97,1.0,-0.030000000000000027,直签,华北,,,,,,,,
610,2023,中型项目,48.0,0.97,0.8625,0.025000000000000022,代理商,华南,,,,,,,,
611,2023,小型项目,30.0,0.76,0.714,0.04600000000000004,代理商,华北,,,,,,,,
612,2023,微型项目,1.3,0.97,1.0,-0.030000000000000027,代理商,华北,,,,,,,,
613,2023,中型项目,42.0,0.58,0.7309,-0.15090000000000003,直签,华北,,,,,,,,
614,2023,微型项目,9.0,0.97,1.0,-0.030000000000000027,代理商,华北,,,,,,,,
615,2023,小型项目,14.5,0.92,0.3931,0.5269,直签,华东,,,,,,,,
616,2023,中型项目,66.6,0.24,0.4733,-0.2333,直签,华中,,,,,,,,
617,2023,微型项目,6.83,0.97,0.8829,0.08709999999999996,直签,华东,,,,,,,,
618,2023,中型项目,70.0,0.77,0.8,-0.030000000000000027,代理商,华东,,,,,,,,
619,2023,中型项目,43.58,0.4,0.4925,-0.09249999999999997,直签,华南,,,,,,,,
620,2023,小型项目,28.5,0.79,0.9191,-0.1291,直签,华北,,,,,,,,
621,2023,微型项目,8.0,0.96,1.0,-0.040000000000000036,直签,华东,,,,,,,,
622,2023,中型项目,65.5,0.86,0.9264,-0.06640000000000001,代理商,华南,,,,,,,,
623,2023,大型项目,238.55,0.41,0.4011,0.008899999999999963,直签,华南,,,,,,,,
624,2023,小型项目,26.0,0.95,0.9577,-0.00770000000000004,代理商,华东,,,,,,,,
625,2023,微型项目,10.0,0.76,0.81,-0.050000000000000044,代理商,华东,,,,,,,,
626,2023,小型项目,22.5,0.96,0.968,-0.008000000000000007,直签,华北,,,,,,,,
627,2023,小型项目,11.0,0.97,0.9109,0.05909999999999993,代理商,华南,,,,,,,,
628,2023,微型项目,4.0,0.9,0.3,0.6000000000000001,代理商,华中,,,,,,,,
629,2023,微型项目,4.0,0.97,1.0,-0.030000000000000027,代理商,华北,,,,,,,,
630,2023,微型项目,2.0,0.97,1.0,-0.030000000000000027,代理商,华北,,,,,,,,
631,2023,小型项目,23.0,0.92,0.9543,-0.0343,代理商,华北,,,,,,,,
632,2023,微型项目,0.97,0.97,1.0,-0.030000000000000027,直签,华北,,,,,,,,
633,2023,小型项目,11.0,0.97,0.8636,0.10639999999999994,直签,华北,,,,,,,,
634,2023,中型项目,55.0,0.95,0.8618,0.08819999999999995,代理商,华北,,,,,,,,
635,2023,微型项目,10.0,0.9,0.895,0.0050000000000000044,直签,华东,,,,,,,,
636,2023,微型项目,8.0,0.97,0.9475,0.022499999999999964,代理商,华南,,,,,,,,
637,2023,微型项目,5.7,0.97,1.0,-0.030000000000000027,直签,华北,,,,,,,,
638,2023,微型项目,0.45,0.97,1.0,-0.030000000000000027,直签,西北,,,,,,,,
639,2023,微型项目,2.25,0.97,1.0,-0.030000000000000027,代理商,西北,,,,,,,,
640,2023,微型项目,2.25,0.97,1.0,-0.030000000000000027,代理商,西北,,,,,,,,
641,2023,中型项目,54.0,0.86,0.9358,-0.07579999999999998,代理商,华中,,,,,,,,
642,2023,小型项目,24.8,0.97,0.9778,-0.007800000000000029,代理商,华东,,,,,,,,
643,2023,中型项目,34.0,0.89,0.9819,-0.09189999999999998,代理商,西南,,,,,,,,
644,2023,小型项目,15.0,0.95,0.9873,-0.0373,直签,西南,,,,,,,,
645,2023,微型项目,10.0,0.59,0.48,0.10999999999999999,代理商,华南,,,,,,,,
646,2023,微型项目,0.7,0.97,1.0,-0.030000000000000027,代理商,华南,,,,,,,,
647,2023,小型项目,11.2,0.79,1.0,-0.20999999999999996,直签,华东,,,,,,,,
648,2023,微型项目,0.8,0.97,1.0,-0.030000000000000027,代理商,华南,,,,,,,,
649,2023,微型项目,9.5,0.91,0.9222,-0.012199999999999989,代理商,华南,,,,,,,,
650,2023,小型项目,18.0,0.94,0.96,-0.020000000000000018,代理商,华南,,,,,,,,
651,2023,中型项目,48.0,0.9,0.8563,0.04370000000000007,代理商,华东,,,,,,,,
652,2023,大型项目,155.0,0.62,0.5993,0.02069999999999994,直签,华北,,,,,,,,
653,2023,微型项目,8.7,0.95,1.0,-0.050000000000000044,直签,华北,,,,,,,,
654,2023,微型项目,9.0,0.93,0.7067,0.22330000000000005,代理商,华东,,,,,,,,
655,2023,中型项目,65.0,0.86,0.8237,0.0363,代理商,华南,,,,,,,,
656,2023,小型项目,16.5,0.91,0.8424,0.0676,代理商,华北,,,,,,,,
657,2023,小型项目,14.0,0.91,0.8643,0.045700000000000074,代理商,华北,,,,,,,,
658,2023,微型项目,3.6,0.8,0.7667,0.033299999999999996,代理商,华中,,,,,,,,
659,2023,中型项目,59.36,0.4,0.6093,-0.20929999999999993,代理商,华南,,,,,,,,
660,2023,大型项目,106.0,0.79,0.7681,0.02190000000000003,代理商,华南,,,,,,,,
661,2023,小型项目,27.9,0.96,1.0,-0.040000000000000036,直签,华北,,,,,,,,
662,2023,中型项目,71.5,0.97,0.9734,-0.0034000000000000696,代理商,华东,,,,,,,,
663,2023,中型项目,36.0,0.79,0.9367,-0.14669999999999994,直签,华东,,,,,,,,
664,2023,大型项目,114.0,0.67,0.725,-0.05499999999999994,直签,华南,,,,,,,,
665,2023,小型项目,15.8,0.97,1.0,-0.030000000000000027,代理商,华东,,,,,,,,
666,2023,大型项目,101.0,0.72,0.8716,-0.15160000000000007,代理商,西南,,,,,,,,
667,2023,小型项目,14.0,0.88,0.8643,0.015700000000000047,代理商,华东,,,,,,,,
668,2023,微型项目,8.0,0.97,0.9588,0.011199999999999988,代理商,华东,,,,,,,,
669,2023,微型项目,6.0,0.97,1.0,-0.030000000000000027,代理商,华东,,,,,,,,
670,2023,小型项目,27.8,0.89,1.0,-0.10999999999999999,直签,华东,,,,,,,,
671,2023,微型项目,3.0,0.97,0.86,0.10999999999999999,代理商,华南,,,,,,,,
672,2023,微型项目,9.0,0.95,0.9378,0.012199999999999989,代理商,华东,,,,,,,,
673,2023,中型项目,45.2,0.56,0.7714,-0.21139999999999992,直签,华东,,,,,,,,
674,2023,中型项目,32.0,0.88,0.9614,-0.08140000000000003,直签,西北,,,,,,,,
675,2023,中型项目,50.0,0.79,0.7258,0.06420000000000003,代理商,西北,,,,,,,,
676,2023,中型项目,56.5,0.62,0.6665,-0.046499999999999986,直签,华中,,,,,,,,
677,2023,微型项目,4.1,0.97,0.639,0.33099999999999996,代理商,华南,,,,,,,,
678,2023,微型项目,7.8,0.82,1.0,-0.18000000000000005,直签,西南,,,,,,,,
679,2023,中型项目,52.0,0.96,0.9596,0.00039999999999995595,直签,华南,,,,,,,,
680,2023,小型项目,13.0,0.88,0.8923,-0.012299999999999978,代理商,华南,,,,,,,,
681,2023,微型项目,2.0,0.97,1.0,-0.030000000000000027,代理商,华东,,,,,,,,
682,2023,小型项目,15.0,0.96,0.9214,0.03859999999999997,代理商,华北,,,,,,,,
683,2023,微型项目,1.2,0.97,1.0,-0.030000000000000027,代理商,华北,,,,,,,,
684,2023,微型项目,5.0,0.97,0.704,0.266,代理商,华东,,,,,,,,
685,2023,微型项目,1.05,0.97,1.0,-0.030000000000000027,代理商,华东,,,,,,,,
686,2023,小型项目,10.1,0.9,0.9307,-0.03069999999999995,代理商,华南,,,,,,,,
687,2023,微型项目,6.9,0.97,1.0,-0.030000000000000027,直签,华东,,,,,,,,
688,2023,微型项目,2.4,0.71,0.7375,-0.02750000000000008,代理商,西北,,,,,,,,
689,2023,微型项目,2.0,0.97,1.0,-0.030000000000000027,代理商,华东,,,,,,,,
690,2023,大型项目,130.69,0.41,0.5879,-0.1779,直签,华南,,,,,,,,
691,2023,小型项目,19.8,0.51,0.5062,0.0038000000000000256,直签,华东,,,,,,,,
692,2023,微型项目,0.6,0.33,0.5,-0.16999999999999998,代理商,华北,,,,,,,,
693,2023,微型项目,5.0,0.97,1.0,-0.030000000000000027,代理商,华东,,,,,,,,
694,2023,微型项目,3.38,0.97,1.0,-0.030000000000000027,直签,华北,,,,,,,,
695,2023,微型项目,6.5,0.64,0.4308,0.2092,代理商,华东,,,,,,,,
696,2023,小型项目,11.0,0.96,0.944,0.016000000000000014,直签,西南,,,,,,,,
697,2023,小型项目,18.0,0.94,1.0,-0.06000000000000005,代理商,华东,,,,,,,,
698,2023,微型项目,8.5,0.97,0.8682,0.1018,代理商,华南,,,,,,,,
699,2023,小型项目,15.0,0.79,0.8267,-0.036699999999999955,代理商,华东,,,,,,,,
700,2023,小型项目,22.0,0.85,0.9214,-0.07140000000000002,代理商,华南,,,,,,,,
701,2023,中型项目,55.0,0.78,0.856,-0.07599999999999996,代理商,华北,,,,,,,,
702,2023,微型项目,1.0,0.97,1.0,-0.030000000000000027,代理商,华东,,,,,,,,
703,2023,微型项目,1.2,0.97,1.0,-0.030000000000000027,代理商,华北,,,,,,,,
704,2023,大型项目,105.0,0.97,0.8514,0.11859999999999993,代理商,华南,,,,,,,,
705,2023,小型项目,20.0,0.79,0.81,-0.020000000000000018,直签,华南,,,,,,,,
706,2023,小型项目,11.9,0.81,0.9328,-0.12279999999999991,代理商,华南,,,,,,,,
707,2023,小型项目,20.5,0.87,0.8985,-0.02849999999999997,代理商,华北,,,,,,,,
708,2023,微型项目,7.6,0.97,1.0,-0.030000000000000027,直签,西北,,,,,,,,
709,2023,微型项目,0.99,0.97,1.0,-0.030000000000000027,代理商,华东,,,,,,,,
710,2023,小型项目,12.0,0.89,0.8717,0.018299999999999983,代理商,华南,,,,,,,,
711,2023,微型项目,4.0,0.97,1.0,-0.030000000000000027,直签,华北,,,,,,,,
712,2023,微型项目,5.1,0.97,0.8824,0.08760000000000001,直签,华南,,,,,,,,
713,2023,中型项目,34.8,0.97,1.0,-0.030000000000000027,代理商,华北,,,,,,,,
714,2023,微型项目,3.0,0.97,1.0,-0.030000000000000027,代理商,华北,,,,,,,,
715,2023,微型项目,5.6,0.97,1.0,-0.030000000000000027,代理商,华北,,,,,,,,
716,2023,小型项目,24.84,0.92,0.7907,0.12930000000000008,代理商,华南,,,,,,,,
717,2023,中型项目,33.61,0.68,0.1931,0.48690000000000005,代理商,华南,,,,,,,,
718,2023,微型项目,5.0,0.75,1.0,-0.25,代理商,西北,,,,,,,,
719,2023,大型项目,131.19,0.67,0.0035,0.6665000000000001,代理商,华东,,,,,,,,
720,2023,微型项目,0.5,0.97,1.0,-0.030000000000000027,代理商,华北,,,,,,,,
721,2023,小型项目,11.0,0.59,0.6,-0.010000000000000009,代理商,华东,,,,,,,,
722,2023,微型项目,6.7,0.83,0.8358,-0.005800000000000027,直签,西北,,,,,,,,
723,2023,小型项目,13.0,0.89,0.8731,0.016900000000000026,代理商,华北,,,,,,,,
724,2023,小型项目,30.0,0.93,0.965,-0.03499999999999992,代理商,华南,,,,,,,,
725,2023,小型项目,30.0,0.62,0.3464,0.2736,直签,华北,,,,,,,,
726,2023,微型项目,4.0,0.97,1.0,-0.030000000000000027,代理商,华北,,,,,,,,
727,2023,微型项目,0.5,0.97,1.0,-0.030000000000000027,代理商,华东,,,,,,,,
728,2023,小型项目,20.0,0.51,0.9,-0.39,直签,华北,,,,,,,,
729,2023,微型项目,0.6,0.97,1.0,-0.030000000000000027,代理商,华东,,,,,,,,
730,2023,微型项目,1.6,0.97,1.0,-0.030000000000000027,代理商,华东,,,,,,,,
731,2023,微型项目,1.02,0.97,1.0,-0.030000000000000027,代理商,华北,,,,,,,,
732,2023,小型项目,19.0,0.97,0.7105,0.25949999999999995,直签,华东,,,,,,,,
733,2023,微型项目,9.0,0.47,0.7181,-0.2481,代理商,华北,,,,,,,,
734,2023,微型项目,3.6,0.97,1.0,-0.030000000000000027,直签,华北,,,,,,,,
735,2023,小型项目,19.7,0.89,0.8255,0.0645,直签,华北,,,,,,,,
736,2023,小型项目,28.9,0.61,0.6401,-0.030100000000000016,代理商,华南,,,,,,,,
737,2023,中型项目,70.0,0.69,0.755,-0.06500000000000006,直签,华北,,,,,,,,
738,2023,小型项目,28.0,0.95,0.6743,0.27569999999999995,直签,华南,,,,,,,,
739,2023,小型项目,18.0,0.91,0.9382,-0.028200000000000003,直签,华北,,,,,,,,
740,2023,中型项目,40.0,0.97,1.0,-0.030000000000000027,代理商,华东,,,,,,,,
741,2023,小型项目,22.5,0.96,0.8844,0.0756,代理商,华东,,,,,,,,
742,2023,微型项目,5.0,0.81,0.916,-0.10599999999999998,代理商,华南,,,,,,,,
743,2023,微型项目,1.0,0.85,0.72,0.13,代理商,华东,,,,,,,,
744,2023,中型项目,95.0,0.75,0.8512,-0.10119999999999996,代理商,华东,,,,,,,,
745,2023,微型项目,8.0,0.97,0.9725,-0.0025000000000000577,代理商,华东,,,,,,,,
746,2023,微型项目,4.5,0.42,0.4222,-0.0022000000000000353,代理商,华东,,,,,,,,
747,2023,微型项目,1.2,0.97,1.0,-0.030000000000000027,代理商,华东,,,,,,,,
748,2023,微型项目,6.0,0.89,0.895,-0.0050000000000000044,代理商,华南,,,,,,,,
749,2023,中型项目,58.74,0.73,0.1828,0.5472,代理商,华北,,,,,,,,
750,2023,微型项目,2.0,0.97,0.72,0.25,代理商,华东,,,,,,,,
751,2023,中型项目,40.0,0.74,0.8602,-0.12019999999999997,代理商,西北,,,,,,,,
752,2023,微型项目,1.2,0.97,1.0,-0.030000000000000027,直签,华北,,,,,,,,
753,2023,大型项目,125.0,0.84,0.8222,0.017799999999999927,直签,华北,,,,,,,,
754,2023,小型项目,21.5,0.95,0.9246,0.025399999999999978,直签,华北,,,,,,,,
755,2023,微型项目,0.87,0.97,1.0,-0.030000000000000027,代理商,华北,,,,,,,,
756,2023,微型项目,1.5,0.97,1.0,-0.030000000000000027,代理商,华东,,,,,,,,
757,2023,微型项目,4.5,0.97,0.9067,0.06330000000000002,代理商,华南,,,,,,,,
758,2023,中型项目,36.0,0.73,0.8081,-0.07810000000000006,代理商,华北,,,,,,,,
759,2023,微型项目,3.0,0.97,1.0,-0.030000000000000027,代理商,华东,,,,,,,,
760,2023,微型项目,3.0,0.97,1.0,-0.030000000000000027,代理商,华北,,,,,,,,
761,2023,微型项目,2.35,0.97,0.8468,0.12319999999999998,直签,华南,,,,,,,,
762,2023,微型项目,7.0,0.93,0.85,0.08000000000000007,代理商,华北,,,,,,,,
763,2023,微型项目,4.76,0.97,0.8529,0.11709999999999998,代理商,华南,,,,,,,,
764,2023,小型项目,15.0,0.92,0.9154,0.0046000000000000485,直签,华北,,,,,,,,
765,2023,微型项目,9.0,0.96,1.0,-0.040000000000000036,代理商,华东,,,,,,,,
766,2023,微型项目,5.8,0.71,0.6897,0.020299999999999985,代理商,华东,,,,,,,,
767,2023,中型项目,60.8,0.77,0.6524,0.11760000000000004,代理商,华北,,,,,,,,
768,2023,中型项目,49.0,0.95,0.9571,-0.007099999999999995,直签,华北,,,,,,,,
769,2023,微型项目,2.7,0.97,1.0,-0.030000000000000027,代理商,华北,,,,,,,,
770,2023,小型项目,21.0,0.71,0.8095,-0.09950000000000003,代理商,华南,,,,,,,,
771,2023,微型项目,1.9,0.97,1.0,-0.030000000000000027,直签,华东,,,,,,,,
772,2023,中型项目,80.0,0.55,0.789,-0.239,代理商,华北,,,,,,,,
773,2023,中型项目,45.5,0.74,0.8066,-0.06659999999999999,代理商,华北,,,,,,,,
774,2023,微型项目,2.6,0.96,1.0,-0.040000000000000036,代理商,华东,,,,,,,,
775,2023,微型项目,9.0,0.97,1.0,-0.030000000000000027,代理商,华东,,,,,,,,
776,2023,小型项目,18.0,0.96,0.9345,0.025499999999999967,代理商,华北,,,,,,,,
777,2023,小型项目,25.0,0.94,0.848,0.09199999999999997,代理商,华南,,,,,,,,
778,2023,中型项目,43.0,0.84,0.8143,0.025699999999999945,代理商,华南,,,,,,,,
779,2023,微型项目,3.7,0.97,0.9243,0.04569999999999996,代理商,华南,,,,,,,,
780,2023,小型项目,12.8,0.95,0.9772,-0.027200000000000002,代理商,华南,,,,,,,,
781,2023,小型项目,14.84,0.88,0.8483,0.03169999999999995,代理商,华东,,,,,,,,
782,2023,大型项目,124.0,0.74,0.5841,0.15590000000000004,直签,西北,,,,,,,,
783,2023,中型项目,96.0,0.86,0.8203,0.03969999999999996,直签,华北,,,,,,,,
784,2023,小型项目,20.68,0.67,0.7485,-0.07850000000000001,直签,华东,,,,,,,,
785,2023,中型项目,43.0,0.48,-0.0047,0.48469999999999996,直签,西南,,,,,,,,
786,2023,中型项目,78.0,0.86,0.9013,-0.0413,直签,华东,,,,,,,,
787,2023,大型项目,130.0,0.97,0.96,0.010000000000000009,代理商,华南,,,,,,,,
788,2023,大型项目,130.7,0.93,0.9222,0.007800000000000029,直签,华南,,,,,,,,
789,2023,微型项目,2.24,0.97,1.0,-0.030000000000000027,代理商,华北,,,,,,,,
790,2023,微型项目,0.7,0.97,0.6,0.37,代理商,华南,,,,,,,,
791,2023,微型项目,2.0,0.97,0.86,0.10999999999999999,代理商,华南,,,,,,,,
792,2023,小型项目,23.0,0.92,0.887,0.03300000000000003,代理商,华南,,,,,,,,
793,2023,中型项目,85.14,0.76,0.3649,0.3951,直签,华东,,,,,,,,
794,2023,小型项目,20.0,0.72,0.77,-0.050000000000000044,代理商,华南,,,,,,,,
795,2023,微型项目,2.5,0.45,0.776,-0.326,直签,华南,,,,,,,,
796,2023,中型项目,39.5,0.96,0.9215,0.03849999999999998,直签,华南,,,,,,,,
797,2023,微型项目,1.65,0.9,0.8667,0.033299999999999996,代理商,华北,,,,,,,,
798,2023,微型项目,5.0,0.97,0.944,0.026000000000000023,代理商,华南,,,,,,,,
799,2023,微型项目,7.0,0.97,1.0,-0.030000000000000027,代理商,华南,,,,,,,,
800,2023,中型项目,90.0,0.52,0.6391,-0.11909999999999998,直签,华东,,,,,,,,
801,2023,微型项目,1.8,0.97,0.9222,0.047799999999999954,代理商,华南,,,,,,,,
802,2023,微型项目,6.65,0.97,1.0,-0.030000000000000027,代理商,华北,,,,,,,,
803,2023,微型项目,7.0,0.97,0.89,0.07999999999999996,直签,华东,,,,,,,,
804,2023,中型项目,53.0,0.84,0.833,0.007000000000000006,代理商,华北,,,,,,,,
805,2023,中型项目,30.35,0.72,0.743,-0.02300000000000002,代理商,华南,,,,,,,,
806,2023,微型项目,4.5,0.97,0.8222,0.14779999999999993,代理商,华北,,,,,,,,
807,2023,中型项目,50.0,0.72,0.766,-0.04600000000000004,代理商,华中,,,,,,,,
808,2023,微型项目,1.4,0.97,1.0,-0.030000000000000027,代理商,华南,,,,,,,,
809,2023,小型项目,21.5,0.62,0.6444,-0.024399999999999977,直签,华东,,,,,,,,
810,2023,小型项目,29.0,0.81,0.8748,-0.06479999999999997,直签,华北,,,,,,,,
811,2023,小型项目,18.75,0.45,-0.0667,0.5167,直签,华东,,,,,,,,
812,2023,小型项目,17.86,0.72,0.776,-0.05600000000000005,代理商,华东,,,,,,,,
813,2023,小型项目,24.0,0.85,0.9,-0.050000000000000044,直签,华东,,,,,,,,
814,2023,微型项目,5.7,0.96,0.9067,0.053300000000000014,直签,华南,,,,,,,,
815,2023,中型项目,35.0,0.95,0.4222,0.5277999999999999,代理商,西南,,,,,,,,
816,2023,小型项目,25.5,-0.61,0.4348,-1.0448,代理商,西南,,,,,,,,
817,2023,微型项目,0.8,0.97,1.0,-0.030000000000000027,代理商,华北,,,,,,,,
818,2023,微型项目,5.0,0.97,0.916,0.05399999999999994,代理商,华南,,,,,,,,
819,2023,中型项目,59.5,0.97,1.0,-0.030000000000000027,代理商,华东,,,,,,,,
820,2023,小型项目,21.9,0.87,0.6804,0.1896,代理商,华东,,,,,,,,
821,2023,微型项目,2.5,0.97,0.888,0.08199999999999996,代理商,华南,,,,,,,,
822,2023,微型项目,2.3,0.97,1.0,-0.030000000000000027,代理商,西北,,,,,,,,
823,2023,微型项目,5.47,0.95,1.0,-0.050000000000000044,直签,华北,,,,,,,,
824,2023,微型项目,2.85,0.97,1.0,-0.030000000000000027,代理商,华北,,,,,,,,
825,2023,微型项目,2.7,0.97,0.8444,0.12559999999999993,直签,华南,,,,,,,,
826,2023,微型项目,10.0,0.89,0.912,-0.02200000000000002,代理商,华北,,,,,,,,
827,2023,微型项目,1.1,0.97,0.8727,0.09729999999999994,代理商,华南,,,,,,,,
828,2023,小型项目,20.0,0.82,0.87,-0.050000000000000044,代理商,华南,,,,,,,,
829,2023,微型项目,1.05,0.97,0.8667,0.10329999999999995,代理商,华南,,,,,,,,
830,2023,微型项目,3.28,0.96,1.0,-0.040000000000000036,代理商,华东,,,,,,,,
831,2023,微型项目,1.28,0.97,1.0,-0.030000000000000027,代理商,华东,,,,,,,,
832,2023,微型项目,4.5,0.92,0.9067,0.01330000000000009,代理商,华北,,,,,,,,
833,2023,微型项目,8.8,0.97,1.0,-0.030000000000000027,直签,华东,,,,,,,,
834,2023,超大型项目,322.6,0.69,0.8338,-0.14380000000000004,代理商,华北,,,,,,,,
835,2023,微型项目,4.862,0.97,1.0,-0.030000000000000027,直签,华北,,,,,,,,
836,2023,中型项目,35.0,0.92,0.8857,0.0343,代理商,华北,,,,,,,,
837,2023,中型项目,46.0,0.82,0.7705,0.04949999999999999,代理商,华北,,,,,,,,
838,2023,小型项目,14.5,0.92,0.3931,0.5269,直签,华东,,,,,,,,
839,2023,微型项目,3.0,0.97,1.0,-0.030000000000000027,代理商,华北,,,,,,,,
840,2023,微型项目,1.28,0.97,1.0,-0.030000000000000027,直签,华北,,,,,,,,
841,2023,微型项目,3.0,0.97,0.7333,0.23670000000000002,直签,华北,,,,,,,,
842,2023,微型项目,0.5,0.97,1.0,-0.030000000000000027,代理商,华东,,,,,,,,
843,2023,微型项目,0.9,0.97,1.0,-0.030000000000000027,代理商,华南,,,,,,,,
844,2023,微型项目,1.2,0.97,1.0,-0.030000000000000027,代理商,华北,,,,,,,,
845,2023,微型项目,3.36,0.97,1.0,-0.030000000000000027,直签,华南,,,,,,,,
846,2023,微型项目,1.0,0.97,0.78,0.18999999999999995,代理商,华南,,,,,,,,
847,2023,微型项目,0.9,0.97,1.0,-0.030000000000000027,代理商,华南,,,,,,,,
848,2023,中型项目,34.0,0.71,0.7206,-0.010600000000000054,代理商,西南,,,,,,,,
849,2023,微型项目,1.0,0.97,0.89,0.07999999999999996,代理商,华南,,,,,,,,
850,2023,大型项目,149.0,0.95,0.9141,0.03589999999999993,直签,华北,,,,,,,,
851,2023,微型项目,8.88,0.92,0.7883,0.13170000000000004,直签,华北,,,,,,,,
852,2023,微型项目,2.64,0.24,0.1742,0.0658,代理商,华南,,,,,,,,
853,2023,微型项目,7.0,0.74,0.55,0.18999999999999995,代理商,华东,,,,,,,,
854,2023,微型项目,2.0,0.97,1.0,-0.030000000000000027,直签,华东,,,,,,,,
855,2023,中型项目,32.0,0.81,0.7813,0.02870000000000006,代理商,华东,,,,,,,,
856,2023,微型项目,5.72,0.97,0.8042,0.16579999999999995,直签,西南,,,,,,,,
857,2023,微型项目,4.0,0.97,1.0,-0.030000000000000027,直签,华北,,,,,,,,
858,2023,中型项目,47.0,0.74,0.7286,0.011399999999999966,代理商,华北,,,,,,,,
859,2023,微型项目,9.6,0.96,0.907,0.052999999999999936,直签,华北,,,,,,,,
860,2023,微型项目,2.28,0.97,1.0,-0.030000000000000027,直签,华北,,,,,,,,
861,2023,微型项目,9.75,0.96,0.9432,0.016799999999999926,直签,华北,,,,,,,,
862,2023,中型项目,75.72,0.75,0.7197,0.030299999999999994,直签,华南,,,,,,,,
863,2023,小型项目,10.86,0.88,0.8435,0.03649999999999998,直签,华南,,,,,,,,
864,2023,小型项目,27.0,0.97,0.7185,0.25149999999999995,直签,西北,,,,,,,,
865,2023,中型项目,38.0,0.96,0.944,0.016000000000000014,直签,华东,,,,,,,,
866,2023,微型项目,1.43,0.97,0.9231,0.04689999999999994,代理商,华南,,,,,,,,
867,2023,微型项目,3.6,0.97,0.8833,0.0867,直签,华南,,,,,,,,
868,2023,微型项目,0.78,0.97,1.0,-0.030000000000000027,代理商,华东,,,,,,,,
869,2023,微型项目,5.0,0.86,0.846,0.014000000000000012,代理商,华北,,,,,,,,
870,2023,中型项目,68.5,0.95,0.9532,-0.0032000000000000917,代理商,华南,,,,,,,,
871,2023,微型项目,4.998,0.97,0.86,0.10999999999999999,代理商,华东,,,,,,,,
872,2023,微型项目,1.4,0.97,1.0,-0.030000000000000027,直签,华北,,,,,,,,
873,2023,微型项目,1.05,0.97,1.0,-0.030000000000000027,代理商,华北,,,,,,,,
874,2023,微型项目,1.2,0.97,1.0,-0.030000000000000027,代理商,华北,,,,,,,,
875,2023,小型项目,11.94,0.97,0.9414,0.02859999999999996,直签,华南,,,,,,,,
876,2023,微型项目,3.15,0.97,0.8603,0.10970000000000002,代理商,华东,,,,,,,,
877,2023,中型项目,98.38,0.96,0.8333,0.12669999999999992,直签,华南,,,,,,,,
878,2023,微型项目,5.5,0.97,0.8473,0.12269999999999992,代理商,华南,,,,,,,,
879,2023,微型项目,10.0,0.97,0.96,0.010000000000000009,代理商,华北,,,,,,,,
880,2023,微型项目,1.2,0.97,0.5,0.47,代理商,华北,,,,,,,,
881,2023,微型项目,0.7,0.97,0.8429,0.1271,代理商,华南,,,,,,,,
882,2023,小型项目,15.9,0.97,0.7358,0.23419999999999996,直签,华南,,,,,,,,
883,2023,微型项目,5.0,0.97,1.0,-0.030000000000000027,代理商,华北,,,,,,,,
884,2023,微型项目,7.2,0.97,0.6111,0.3589,代理商,华东,,,,,,,,
885,2023,微型项目,3.9,0.97,0.8615,0.10849999999999993,代理商,华北,,,,,,,,
886,2023,微型项目,5.86,0.97,0.9317,0.0383,代理商,华东,,,,,,,,
887,2023,微型项目,1.72,0.97,1.0,-0.030000000000000027,代理商,华北,,,,,,,,
888,2023,微型项目,6.0,0.97,1.0,-0.030000000000000027,代理商,华东,,,,,,,,
889,2023,微型项目,8.15,0.97,0.9313,0.03869999999999996,直签,西南,,,,,,,,
890,2023,微型项目,4.3,0.97,0.814,0.15600000000000003,直签,华北,,,,,,,,
891,2023,小型项目,15.0,0.97,1.0,-0.030000000000000027,直签,华南,,,,,,,,
892,2023,微型项目,2.25,0.97,0.56,0.4099999999999999,直签,华北,,,,,,,,
893,2023,小型项目,29.25,0.95,0.8851,0.06489999999999996,直签,华南,,,,,,,,
894,2023,微型项目,4.0,0.97,1.0,-0.030000000000000027,代理商,华北,,,,,,,,
895,2023,微型项目,3.33,0.97,0.8739,0.09609999999999996,直签,华北,,,,,,,,
896,2023,微型项目,4.0,0.97,1.0,-0.030000000000000027,代理商,华北,,,,,,,,
897,2023,微型项目,1.5,0.97,1.0,-0.030000000000000027,代理商,华东,,,,,,,,
898,2023,微型项目,0.5,0.97,0.78,0.18999999999999995,代理商,华南,,,,,,,,
899,2023,微型项目,0.7,0.97,0.8,0.16999999999999993,代理商,华南,,,,,,,,
900,2023,小型项目,11.0,0.97,0.8636,0.10639999999999994,直签,华北,,,,,,,,
901,2023,微型项目,6.0,0.9,0.9167,-0.016699999999999937,代理商,华北,,,,,,,,
902,2023,微型项目,4.1,0.97,0.4146,0.5553999999999999,代理商,华北,,,,,,,,
903,2023,微型项目,1.5,0.97,0.9267,0.043300000000000005,直签,华北,,,,,,,,
904,2023,微型项目,0.8,0.97,0.8625,0.10749999999999993,代理商,华南,,,,,,,,
905,2023,微型项目,1.5,0.97,0.7067,0.2633,代理商,华东,,,,,,,,
906,2023,微型项目,1.5,0.97,1.0,-0.030000000000000027,代理商,华东,,,,,,,,
907,2023,微型项目,0.7,0.97,1.0,-0.030000000000000027,代理商,华东,,,,,,,,
908,2023,小型项目,13.5,0.97,0.9378,0.032200000000000006,代理商,华南,,,,,,,,
909,2023,中型项目,85.0,0.95,1.0,-0.050000000000000044,直签,华北,,,,,,,,
910,2023,微型项目,0.5,0.97,1.0,-0.030000000000000027,代理商,华东,,,,,,,,
911,2023,微型项目,4.4,0.97,0.6,0.37,直签,华东,,,,,,,,
912,2023,中型项目,35.8,0.97,1.0,-0.030000000000000027,直签,华东,,,,,,,,
0,0,0,0.0,0.0,0.0,0.0,0,0,,,,,,,,
0,0,0,0.0,0.0,0.0,0.0,0,0,,,,,,,,
0,0,0,0.0,0.0,0.0,0.0,0,0,,,,,,,,
